# MagicaVoxel @ Ephtracy

# group
o 

# material
mtllib MadTree.mtl
usemtl palette

# normals
vn -1 0 0
vn 1 0 0
vn 0 0 1
vn 0 0 -1
vn 0 -1 0
vn 0 1 0

# texcoords
vt 0.537109 0.5
vt 0.841797 0.5
vt 0.892578 0.5
vt 0.900391 0.5
vt 0.904297 0.5

# verts
v -1.1 0.7 0.4
v -1.1 0.7 -0.4
v -1.1 0.8 0.2
v -1.1 0.8 0.1
v -1.1 0.8 -0.1
v -1.1 0.8 -0.2
v -1.1 0.9 0.4
v -1.1 0.9 0.2
v -1.1 0.9 0.1
v -1.1 0.9 -0.1
v -1.1 0.9 -0.2
v -1.1 0.9 -0.4
v -1.1 1 0.2
v -1.1 1 -0.1
v -1.1 1 -0.2
v -1 0.7 0.6
v -1 0.7 0.4
v -1 0.7 -0.4
v -1 0.7 -0.6
v -1 0.9 0.6
v -1 0.9 0.5
v -1 0.9 0.4
v -1 0.9 0.2
v -1 0.9 -0.2
v -1 0.9 -0.4
v -1 0.9 -0.5
v -1 0.9 -0.6
v -1 1 0.5
v -1 1 0.4
v -1 1 0.2
v -1 1 -0.1
v -1 1 -0.2
v -1 1 -0.3
v -1 1 -0.4
v -1 1 -0.5
v -1 1.1 0.4
v -1 1.1 0.2
v -1 1.1 -0.1
v -1 1.1 -0.2
v -1 1.1 -0.3
v -1 1.1 -0.4
v -1 1.2 0.2
v -1 1.2 -0.1
v -1 1.2 -0.2
v -0.9 0.7 0.7
v -0.9 0.7 0.6
v -0.9 0.7 -0.6
v -0.9 0.7 -0.7
v -0.9 0.9 0.6
v -0.9 0.9 0.5
v -0.9 0.9 -0.5
v -0.9 0.9 -0.6
v -0.9 1 0.7
v -0.9 1 0.6
v -0.9 1 0.5
v -0.9 1 0.4
v -0.9 1 -0.4
v -0.9 1 -0.5
v -0.9 1 -0.6
v -0.9 1 -0.7
v -0.9 1.1 0.6
v -0.9 1.1 0.5
v -0.9 1.1 0.4
v -0.9 1.1 0.2
v -0.9 1.1 -0.2
v -0.9 1.1 -0.3
v -0.9 1.1 -0.4
v -0.9 1.1 -0.5
v -0.9 1.1 -0.6
v -0.9 1.2 0.5
v -0.9 1.2 0.4
v -0.9 1.2 0.2
v -0.9 1.2 -0.1
v -0.9 1.2 -0.2
v -0.9 1.2 -0.4
v -0.9 1.2 -0.5
v -0.9 1.3 0.4
v -0.9 1.3 0.2
v -0.9 1.3 -0.2
v -0.9 1.3 -0.4
v -0.9 1.4 0.2
v -0.9 1.4 -0.2
v -0.8 0.7 0.8
v -0.8 0.7 0.7
v -0.8 0.7 -0.7
v -0.8 0.7 -0.8
v -0.8 0.9 0.8
v -0.8 0.9 0.7
v -0.8 1 0.8
v -0.8 1 0.7
v -0.8 1 0.6
v -0.8 1 -0.6
v -0.8 1 -0.7
v -0.8 1 -0.8
v -0.8 1.1 0.7
v -0.8 1.1 0.6
v -0.8 1.1 0.5
v -0.8 1.1 -0.5
v -0.8 1.1 -0.6
v -0.8 1.1 -0.7
v -0.8 1.2 0.6
v -0.8 1.2 0.5
v -0.8 1.2 0.4
v -0.8 1.2 -0.4
v -0.8 1.2 -0.5
v -0.8 1.2 -0.6
v -0.8 1.3 0.5
v -0.8 1.3 0.4
v -0.8 1.3 0.3
v -0.8 1.3 0.2
v -0.8 1.3 -0.2
v -0.8 1.3 -0.4
v -0.8 1.4 0.5
v -0.8 1.4 0.4
v -0.8 1.4 0.3
v -0.8 1.4 0.2
v -0.8 1.4 -0.2
v -0.8 1.4 -0.3
v -0.8 1.4 -0.5
v -0.8 1.5 0.3
v -0.8 1.5 0.2
v -0.8 1.5 0
v -0.8 1.5 -0.1
v -0.8 1.5 -0.2
v -0.8 1.5 -0.3
v -0.8 1.6 0.2
v -0.8 1.6 0
v -0.8 1.6 -0.1
v -0.8 1.6 -0.2
v -0.7 0.7 0.9
v -0.7 0.7 0.8
v -0.7 0.7 -0.8
v -0.7 0.7 -0.9
v -0.7 0.8 -0.8
v -0.7 0.8 -0.9
v -0.7 0.9 0.8
v -0.7 0.9 -0.8
v -0.7 0.9 -0.9
v -0.7 1 0.9
v -0.7 1 0.8
v -0.7 1 0.7
v -0.7 1 -0.7
v -0.7 1 -0.8
v -0.7 1 -0.9
v -0.7 1.1 0.8
v -0.7 1.1 0.7
v -0.7 1.1 0.6
v -0.7 1.1 -0.6
v -0.7 1.1 -0.7
v -0.7 1.1 -0.8
v -0.7 1.2 0.6
v -0.7 1.2 0.5
v -0.7 1.2 -0.5
v -0.7 1.2 -0.6
v -0.7 1.2 -0.7
v -0.7 1.3 0.7
v -0.7 1.3 0.6
v -0.7 1.3 0.5
v -0.7 1.3 -0.5
v -0.7 1.3 -0.6
v -0.7 1.3 -0.7
v -0.7 1.4 0.6
v -0.7 1.4 0.5
v -0.7 1.4 0.4
v -0.7 1.4 0.3
v -0.7 1.4 -0.3
v -0.7 1.4 -0.4
v -0.7 1.4 -0.5
v -0.7 1.4 -0.6
v -0.7 1.5 0.5
v -0.7 1.5 0.4
v -0.7 1.5 0.3
v -0.7 1.5 0.2
v -0.7 1.5 -0.2
v -0.7 1.5 -0.3
v -0.7 1.5 -0.4
v -0.7 1.5 -0.5
v -0.7 1.6 0.4
v -0.7 1.6 0.3
v -0.7 1.6 0.2
v -0.7 1.6 0
v -0.7 1.6 -0.1
v -0.7 1.6 -0.2
v -0.7 1.6 -0.3
v -0.7 1.6 -0.4
v -0.7 1.7 0.3
v -0.7 1.7 0.2
v -0.7 1.7 0.1
v -0.7 1.7 -0.1
v -0.7 1.7 -0.2
v -0.7 1.7 -0.3
v -0.7 1.8 0.2
v -0.7 1.8 0.1
v -0.7 1.8 -0.1
v -0.7 1.8 -0.2
v -0.6 0.7 1
v -0.6 0.7 0.9
v -0.6 0.7 -0.9
v -0.6 0.7 -1
v -0.6 0.8 -0.9
v -0.6 0.9 1
v -0.6 0.9 0.9
v -0.6 0.9 -0.9
v -0.6 0.9 -1
v -0.6 1 0.9
v -0.6 1 0.8
v -0.6 1 -0.8
v -0.6 1 -0.9
v -0.6 1.1 0.9
v -0.6 1.1 0.8
v -0.6 1.1 0.7
v -0.6 1.1 -0.7
v -0.6 1.1 -0.8
v -0.6 1.1 -0.9
v -0.6 1.2 0.8
v -0.6 1.2 0.7
v -0.6 1.2 -0.7
v -0.6 1.2 -0.8
v -0.6 1.3 0.7
v -0.6 1.3 0.6
v -0.6 1.3 -0.6
v -0.6 1.3 -0.7
v -0.6 1.4 0.7
v -0.6 1.4 0.6
v -0.6 1.4 0.5
v -0.6 1.4 -0.5
v -0.6 1.4 -0.6
v -0.6 1.4 -0.7
v -0.6 1.5 0.6
v -0.6 1.5 0.5
v -0.6 1.5 0.4
v -0.6 1.5 -0.4
v -0.6 1.5 -0.5
v -0.6 1.5 -0.6
v -0.6 1.6 0.4
v -0.6 1.6 0.3
v -0.6 1.6 -0.3
v -0.6 1.6 -0.4
v -0.6 1.6 -0.5
v -0.6 1.7 0.5
v -0.6 1.7 0.4
v -0.6 1.7 0.3
v -0.6 1.7 0.2
v -0.6 1.7 -0.2
v -0.6 1.7 -0.3
v -0.6 1.7 -0.4
v -0.6 1.7 -0.5
v -0.6 1.8 0.4
v -0.6 1.8 0.3
v -0.6 1.8 0.2
v -0.6 1.8 0.1
v -0.6 1.8 -0.1
v -0.6 1.8 -0.2
v -0.6 1.8 -0.3
v -0.6 1.8 -0.4
v -0.6 1.9 0.3
v -0.6 1.9 0.2
v -0.6 1.9 0.1
v -0.6 1.9 0
v -0.6 1.9 -0.2
v -0.6 1.9 -0.3
v -0.6 2 0.2
v -0.6 2 0.1
v -0.6 2 0
v -0.6 2 -0.2
v -0.5 0.9 1
v -0.5 0.9 0.9
v -0.5 0.9 -0.9
v -0.5 0.9 -1
v -0.5 1 1
v -0.5 1 0.9
v -0.5 1 -0.9
v -0.5 1 -1
v -0.5 1.1 0.9
v -0.5 1.1 0.8
v -0.5 1.1 -0.8
v -0.5 1.1 -0.9
v -0.5 1.2 0.9
v -0.5 1.2 0.8
v -0.5 1.2 0.7
v -0.5 1.2 -0.7
v -0.5 1.2 -0.8
v -0.5 1.2 -0.9
v -0.5 1.3 0.8
v -0.5 1.3 0.7
v -0.5 1.4 0.8
v -0.5 1.4 0.7
v -0.5 1.4 0.6
v -0.5 1.4 -0.6
v -0.5 1.4 -0.7
v -0.5 1.4 -0.8
v -0.5 1.5 0.7
v -0.5 1.5 0.6
v -0.5 1.5 0.5
v -0.5 1.5 -0.5
v -0.5 1.5 -0.6
v -0.5 1.5 -0.7
v -0.5 1.6 -0.5
v -0.5 1.6 -0.6
v -0.5 1.7 0.6
v -0.5 1.7 0.5
v -0.5 1.7 0.4
v -0.5 1.7 -0.4
v -0.5 1.7 -0.5
v -0.5 1.7 -0.6
v -0.5 1.8 0.5
v -0.5 1.8 0.4
v -0.5 1.8 0.3
v -0.5 1.8 -0.3
v -0.5 1.8 -0.4
v -0.5 1.8 -0.5
v -0.5 1.9 0.3
v -0.5 1.9 0.2
v -0.5 1.9 -0.2
v -0.5 1.9 -0.3
v -0.5 1.9 -0.4
v -0.5 2 0.4
v -0.5 2 0.3
v -0.5 2 0.2
v -0.5 2 0.1
v -0.5 2 0
v -0.5 2 -0.1
v -0.5 2 -0.2
v -0.5 2 -0.3
v -0.5 2 -0.4
v -0.5 2.1 0.3
v -0.5 2.1 0.2
v -0.5 2.1 0
v -0.5 2.1 -0.1
v -0.5 2.1 -0.2
v -0.5 2.1 -0.3
v -0.5 2.2 0.2
v -0.5 2.2 0
v -0.5 2.2 -0.1
v -0.5 2.2 -0.2
v -0.4 0 0.2
v -0.4 0 -0.2
v -0.4 0.7 1.1
v -0.4 0.7 1
v -0.4 0.7 0.2
v -0.4 0.7 -0.2
v -0.4 0.7 -1
v -0.4 0.7 -1.1
v -0.4 0.8 1.1
v -0.4 0.8 1
v -0.4 0.8 0.2
v -0.4 0.8 -0.2
v -0.4 0.9 1.1
v -0.4 0.9 1
v -0.4 0.9 -1
v -0.4 0.9 -1.1
v -0.4 1 1
v -0.4 1 0.9
v -0.4 1 -0.9
v -0.4 1 -1
v -0.4 1.1 1
v -0.4 1.1 0.9
v -0.4 1.1 -0.9
v -0.4 1.1 -1
v -0.4 1.2 0.9
v -0.4 1.2 0.8
v -0.4 1.2 -0.8
v -0.4 1.2 -0.9
v -0.4 1.3 0.9
v -0.4 1.3 0.8
v -0.4 1.3 -0.8
v -0.4 1.3 -0.9
v -0.4 1.5 0.7
v -0.4 1.5 0.6
v -0.4 1.5 -0.6
v -0.4 1.5 -0.7
v -0.4 1.6 0.7
v -0.4 1.6 0.6
v -0.4 1.6 -0.6
v -0.4 1.6 -0.7
v -0.4 1.7 0.6
v -0.4 1.7 0.5
v -0.4 1.7 -0.5
v -0.4 1.7 -0.6
v -0.4 1.8 0.6
v -0.4 1.8 0.5
v -0.4 1.8 0.4
v -0.4 1.8 -0.4
v -0.4 1.8 -0.5
v -0.4 1.8 -0.6
v -0.4 1.9 -0.4
v -0.4 1.9 -0.5
v -0.4 2 0.5
v -0.4 2 0.4
v -0.4 2 0.3
v -0.4 2 -0.3
v -0.4 2 -0.4
v -0.4 2 -0.5
v -0.4 2.1 0.4
v -0.4 2.1 0.3
v -0.4 2.1 0.2
v -0.4 2.1 -0.2
v -0.4 2.1 -0.3
v -0.4 2.1 -0.4
v -0.4 2.2 0.3
v -0.4 2.2 0.2
v -0.4 2.2 0
v -0.4 2.2 -0.1
v -0.4 2.2 -0.2
v -0.4 2.2 -0.3
v -0.4 2.3 0.2
v -0.4 2.3 0.1
v -0.4 2.3 0
v -0.4 2.3 -0.1
v -0.4 2.3 -0.2
v -0.4 2.4 0.1
v -0.4 2.4 0
v -0.4 2.4 -0.1
v -0.3 0 0.3
v -0.3 0 0.2
v -0.3 0 -0.2
v -0.3 0 -0.3
v -0.3 0.7 0.3
v -0.3 0.7 0.2
v -0.3 0.7 -0.2
v -0.3 0.7 -0.3
v -0.3 0.8 0.3
v -0.3 0.8 0.2
v -0.3 0.8 -0.2
v -0.3 0.8 -0.3
v -0.3 1.4 0.8
v -0.3 1.4 0.7
v -0.3 1.4 -0.7
v -0.3 1.4 -0.8
v -0.3 1.5 0.8
v -0.3 1.5 0.7
v -0.3 1.5 -0.7
v -0.3 1.5 -0.8
v -0.3 1.6 0.7
v -0.3 1.6 0.6
v -0.3 1.6 -0.6
v -0.3 1.6 -0.7
v -0.3 1.7 0.9
v -0.3 1.7 0.8
v -0.3 1.7 0.7
v -0.3 1.7 0.6
v -0.3 1.7 -0.6
v -0.3 1.7 -0.7
v -0.3 1.8 0.9
v -0.3 1.8 0.8
v -0.3 1.8 0.6
v -0.3 1.8 0.5
v -0.3 1.8 -0.5
v -0.3 1.8 -0.6
v -0.3 1.9 0.6
v -0.3 1.9 0.5
v -0.3 1.9 -0.5
v -0.3 1.9 -0.6
v -0.3 2 0.5
v -0.3 2 0.4
v -0.3 2 -0.4
v -0.3 2 -0.5
v -0.3 2.1 0.5
v -0.3 2.1 0.4
v -0.3 2.1 0.3
v -0.3 2.1 -0.3
v -0.3 2.1 -0.4
v -0.3 2.1 -0.5
v -0.3 2.2 0.4
v -0.3 2.2 0.3
v -0.3 2.2 0.2
v -0.3 2.2 -0.2
v -0.3 2.2 -0.3
v -0.3 2.2 -0.4
v -0.3 2.3 0.3
v -0.3 2.3 0.2
v -0.3 2.3 0.1
v -0.3 2.3 -0.1
v -0.3 2.3 -0.2
v -0.3 2.4 0.3
v -0.3 2.4 0.2
v -0.3 2.4 0.1
v -0.3 2.4 0
v -0.3 2.4 -0.1
v -0.3 2.4 -0.2
v -0.3 2.4 -0.3
v -0.3 2.5 0.2
v -0.3 2.5 0.1
v -0.3 2.5 0
v -0.3 2.5 -0.1
v -0.3 2.5 -0.2
v -0.3 2.6 0.1
v -0.3 2.6 -0.1
v -0.2 0 0.4
v -0.2 0 0.3
v -0.2 0 -0.3
v -0.2 0 -0.4
v -0.2 0.7 0.4
v -0.2 0.7 0.3
v -0.2 0.7 -0.3
v -0.2 0.7 -0.4
v -0.2 0.8 0.4
v -0.2 0.8 0.3
v -0.2 0.8 -0.3
v -0.2 0.8 -0.4
v -0.2 0.9 1.1
v -0.2 0.9 1
v -0.2 0.9 -1
v -0.2 0.9 -1.1
v -0.2 1 1.1
v -0.2 1 1
v -0.2 1 -1
v -0.2 1 -1.1
v -0.2 1.1 1
v -0.2 1.1 0.9
v -0.2 1.1 -0.9
v -0.2 1.1 -1
v -0.2 1.2 1
v -0.2 1.2 0.9
v -0.2 1.2 -0.9
v -0.2 1.2 -1
v -0.2 1.3 0.9
v -0.2 1.3 0.8
v -0.2 1.3 -0.8
v -0.2 1.3 -0.9
v -0.2 1.4 0.9
v -0.2 1.4 0.8
v -0.2 1.4 -0.8
v -0.2 1.4 -0.9
v -0.2 1.5 0.8
v -0.2 1.5 0.7
v -0.2 1.5 -0.7
v -0.2 1.5 -0.8
v -0.2 1.6 0.9
v -0.2 1.6 0.8
v -0.2 1.6 0.7
v -0.2 1.6 -0.7
v -0.2 1.6 -0.8
v -0.2 1.7 0.9
v -0.2 1.7 0.8
v -0.2 1.7 0.7
v -0.2 1.7 0.6
v -0.2 1.7 -0.6
v -0.2 1.7 -0.7
v -0.2 1.8 0.7
v -0.2 1.8 0.6
v -0.2 1.8 -0.6
v -0.2 1.8 -0.7
v -0.2 1.9 0.6
v -0.2 1.9 0.5
v -0.2 1.9 -0.5
v -0.2 1.9 -0.6
v -0.2 2 0.6
v -0.2 2 0.5
v -0.2 2 -0.5
v -0.2 2 -0.6
v -0.2 2.1 0.5
v -0.2 2.1 0.4
v -0.2 2.1 -0.4
v -0.2 2.1 -0.5
v -0.2 2.2 0.5
v -0.2 2.2 0.4
v -0.2 2.2 0.3
v -0.2 2.2 -0.3
v -0.2 2.2 -0.4
v -0.2 2.2 -0.5
v -0.2 2.3 0.4
v -0.2 2.3 0.3
v -0.2 2.3 -0.3
v -0.2 2.3 -0.4
v -0.2 2.4 0.3
v -0.2 2.4 0.2
v -0.2 2.4 -0.2
v -0.2 2.4 -0.3
v -0.2 2.5 0.3
v -0.2 2.5 0.2
v -0.2 2.5 0.1
v -0.2 2.5 -0.1
v -0.2 2.5 -0.2
v -0.2 2.5 -0.3
v -0.2 2.6 0.1
v -0.2 2.6 -0.1
v -0.2 2.7 0.2
v -0.2 2.7 0.1
v -0.2 2.7 0
v -0.2 2.7 -0.1
v -0.2 2.7 -0.2
v -0.2 2.8 0.1
v -0.2 2.8 0
v -0.2 2.8 -0.1
v -0.1 2.3 0.4
v -0.1 2.3 0.3
v -0.1 2.3 -0.3
v -0.1 2.3 -0.4
v -0.1 2.4 0.4
v -0.1 2.4 0.3
v -0.1 2.4 -0.3
v -0.1 2.4 -0.4
v -0.1 2.5 0.3
v -0.1 2.5 0.2
v -0.1 2.5 -0.2
v -0.1 2.5 -0.3
v -0.1 2.6 0.3
v -0.1 2.6 0.2
v -0.1 2.6 -0.2
v -0.1 2.6 -0.3
v -0.1 2.7 0.2
v -0.1 2.7 0.1
v -0.1 2.7 -0.1
v -0.1 2.7 -0.2
v -0.1 2.8 0.2
v -0.1 2.8 0.1
v -0.1 2.8 0
v -0.1 2.8 -0.1
v -0.1 2.8 -0.2
v -0.1 2.9 0.1
v -0.1 2.9 -0.1
v 0 1.4 0.9
v 0 1.4 0.8
v 0 1.5 0.9
v 0 1.5 0.8
v 0.3 0.7 0.6
v 0.3 0.7 0.5
v 0.3 0.7 -0.5
v 0.3 0.7 -0.6
v 0.3 0.8 0.6
v 0.3 0.8 0.5
v 0.3 0.8 -0.5
v 0.3 0.8 -0.6
v 0.3 1.6 0.9
v 0.3 1.6 0.8
v 0.3 1.7 0.9
v 0.3 1.7 0.8
v 0.4 0.7 0.5
v 0.4 0.7 0.4
v 0.4 0.7 -0.4
v 0.4 0.7 -0.5
v 0.4 0.8 0.5
v 0.4 0.8 0.4
v 0.4 0.8 -0.4
v 0.4 0.8 -0.5
v 0.4 1.7 0.9
v 0.4 1.7 0.8
v 0.4 1.8 0.9
v 0.4 1.8 0.8
v 0.5 0.7 0.4
v 0.5 0.7 0.3
v 0.5 0.7 -0.3
v 0.5 0.7 -0.4
v 0.5 0.8 0.4
v 0.5 0.8 0.3
v 0.5 0.8 -0.3
v 0.5 0.8 -0.4
v 0.6 0.7 0.3
v 0.6 0.7 -0.3
v 0.6 0.8 0.3
v 0.6 0.8 -0.3
v -0.6 0.7 0.3
v -0.6 0.7 -0.3
v -0.6 0.8 0.3
v -0.6 0.8 -0.3
v -0.5 0.7 0.4
v -0.5 0.7 0.3
v -0.5 0.7 -0.3
v -0.5 0.7 -0.4
v -0.5 0.8 0.4
v -0.5 0.8 0.3
v -0.5 0.8 -0.3
v -0.5 0.8 -0.4
v -0.4 0.7 0.5
v -0.4 0.7 0.4
v -0.4 0.7 -0.4
v -0.4 0.7 -0.5
v -0.4 0.8 0.5
v -0.4 0.8 0.4
v -0.4 0.8 -0.4
v -0.4 0.8 -0.5
v -0.3 0.7 0.6
v -0.3 0.7 0.5
v -0.3 0.7 -0.5
v -0.3 0.7 -0.6
v -0.3 0.8 0.6
v -0.3 0.8 0.5
v -0.3 0.8 -0.5
v -0.3 0.8 -0.6
v -0.1 1.7 0.9
v -0.1 1.7 0.8
v -0.1 1.8 0.9
v -0.1 1.8 0.8
v 0 1.6 0.9
v 0 1.6 0.8
v 0 1.7 0.9
v 0 1.7 0.8
v 0.1 2.3 0.4
v 0.1 2.3 0.3
v 0.1 2.3 -0.3
v 0.1 2.3 -0.4
v 0.1 2.4 0.4
v 0.1 2.4 0.3
v 0.1 2.4 -0.3
v 0.1 2.4 -0.4
v 0.1 2.5 0.3
v 0.1 2.5 0.2
v 0.1 2.5 -0.2
v 0.1 2.5 -0.3
v 0.1 2.6 0.3
v 0.1 2.6 0.2
v 0.1 2.6 -0.2
v 0.1 2.6 -0.3
v 0.1 2.7 0.2
v 0.1 2.7 0.1
v 0.1 2.7 -0.1
v 0.1 2.7 -0.2
v 0.1 2.8 0.2
v 0.1 2.8 0.1
v 0.1 2.8 0
v 0.1 2.8 -0.1
v 0.1 2.8 -0.2
v 0.1 2.9 0.1
v 0.1 2.9 -0.1
v 0.2 0 0.4
v 0.2 0 0.3
v 0.2 0 -0.3
v 0.2 0 -0.4
v 0.2 0.7 0.4
v 0.2 0.7 0.3
v 0.2 0.7 -0.3
v 0.2 0.7 -0.4
v 0.2 0.8 0.4
v 0.2 0.8 0.3
v 0.2 0.8 -0.3
v 0.2 0.8 -0.4
v 0.2 0.9 1.1
v 0.2 0.9 1
v 0.2 0.9 -1
v 0.2 0.9 -1.1
v 0.2 1 1.1
v 0.2 1 1
v 0.2 1 -1
v 0.2 1 -1.1
v 0.2 1.1 1
v 0.2 1.1 0.9
v 0.2 1.1 -0.9
v 0.2 1.1 -1
v 0.2 1.2 1
v 0.2 1.2 0.9
v 0.2 1.2 -0.9
v 0.2 1.2 -1
v 0.2 1.3 -0.8
v 0.2 1.3 -0.9
v 0.2 1.4 -0.8
v 0.2 1.4 -0.9
v 0.2 1.5 0.8
v 0.2 1.5 0.7
v 0.2 1.5 -0.7
v 0.2 1.5 -0.8
v 0.2 1.6 0.8
v 0.2 1.6 0.7
v 0.2 1.6 -0.7
v 0.2 1.6 -0.8
v 0.2 1.7 0.7
v 0.2 1.7 0.6
v 0.2 1.7 -0.6
v 0.2 1.7 -0.7
v 0.2 1.8 0.7
v 0.2 1.8 0.6
v 0.2 1.8 -0.6
v 0.2 1.8 -0.7
v 0.2 1.9 0.6
v 0.2 1.9 0.5
v 0.2 1.9 -0.5
v 0.2 1.9 -0.6
v 0.2 2 0.6
v 0.2 2 0.5
v 0.2 2 -0.5
v 0.2 2 -0.6
v 0.2 2.1 0.5
v 0.2 2.1 0.4
v 0.2 2.1 -0.4
v 0.2 2.1 -0.5
v 0.2 2.2 0.5
v 0.2 2.2 0.4
v 0.2 2.2 0.3
v 0.2 2.2 -0.3
v 0.2 2.2 -0.4
v 0.2 2.2 -0.5
v 0.2 2.3 0.4
v 0.2 2.3 0.3
v 0.2 2.3 -0.3
v 0.2 2.3 -0.4
v 0.2 2.4 0.3
v 0.2 2.4 0.2
v 0.2 2.4 -0.2
v 0.2 2.4 -0.3
v 0.2 2.5 0.3
v 0.2 2.5 0.2
v 0.2 2.5 0.1
v 0.2 2.5 -0.1
v 0.2 2.5 -0.2
v 0.2 2.5 -0.3
v 0.2 2.6 0.1
v 0.2 2.6 0
v 0.2 2.6 -0.1
v 0.2 2.6 -0.2
v 0.2 2.7 0.2
v 0.2 2.7 0.1
v 0.2 2.7 0
v 0.2 2.7 -0.1
v 0.2 2.7 -0.2
v 0.2 2.8 0.1
v 0.2 2.8 0
v 0.2 2.8 -0.1
v 0.3 0 0.3
v 0.3 0 0.2
v 0.3 0 -0.2
v 0.3 0 -0.3
v 0.3 0.7 0.3
v 0.3 0.7 0.2
v 0.3 0.7 -0.2
v 0.3 0.7 -0.3
v 0.3 0.8 0.3
v 0.3 0.8 0.2
v 0.3 0.8 -0.2
v 0.3 0.8 -0.3
v 0.3 1.4 0.9
v 0.3 1.4 0.8
v 0.3 1.4 0.7
v 0.3 1.4 -0.7
v 0.3 1.4 -0.8
v 0.3 1.5 0.9
v 0.3 1.5 0.8
v 0.3 1.5 0.7
v 0.3 1.5 -0.7
v 0.3 1.5 -0.8
v 0.3 1.6 0.7
v 0.3 1.6 0.6
v 0.3 1.6 -0.6
v 0.3 1.6 -0.7
v 0.3 1.7 0.7
v 0.3 1.7 0.6
v 0.3 1.7 -0.6
v 0.3 1.7 -0.7
v 0.3 1.8 0.6
v 0.3 1.8 0.5
v 0.3 1.8 -0.5
v 0.3 1.8 -0.6
v 0.3 1.9 0.6
v 0.3 1.9 0.5
v 0.3 1.9 -0.5
v 0.3 1.9 -0.6
v 0.3 2 0.5
v 0.3 2 0.4
v 0.3 2 -0.4
v 0.3 2 -0.5
v 0.3 2.1 0.5
v 0.3 2.1 0.4
v 0.3 2.1 0.3
v 0.3 2.1 -0.3
v 0.3 2.1 -0.4
v 0.3 2.1 -0.5
v 0.3 2.2 0.4
v 0.3 2.2 0.3
v 0.3 2.2 0.2
v 0.3 2.2 -0.2
v 0.3 2.2 -0.3
v 0.3 2.2 -0.4
v 0.3 2.3 0.2
v 0.3 2.3 0.1
v 0.3 2.3 -0.1
v 0.3 2.3 -0.2
v 0.3 2.3 -0.3
v 0.3 2.4 0.3
v 0.3 2.4 0.2
v 0.3 2.4 0.1
v 0.3 2.4 0
v 0.3 2.4 -0.1
v 0.3 2.4 -0.2
v 0.3 2.4 -0.3
v 0.3 2.5 0.2
v 0.3 2.5 0.1
v 0.3 2.5 0
v 0.3 2.5 -0.1
v 0.3 2.5 -0.2
v 0.3 2.6 0.1
v 0.3 2.6 0
v 0.3 2.6 -0.1
v 0.4 0 0.2
v 0.4 0 -0.2
v 0.4 0.7 1.1
v 0.4 0.7 1
v 0.4 0.7 0.2
v 0.4 0.7 -0.2
v 0.4 0.7 -1
v 0.4 0.7 -1.1
v 0.4 0.8 1
v 0.4 0.8 0.2
v 0.4 0.8 -0.2
v 0.4 0.9 1.1
v 0.4 0.9 1
v 0.4 0.9 -1
v 0.4 0.9 -1.1
v 0.4 1 1
v 0.4 1 0.9
v 0.4 1 -0.9
v 0.4 1 -1
v 0.4 1.1 1
v 0.4 1.1 0.9
v 0.4 1.1 -0.9
v 0.4 1.1 -1
v 0.4 1.2 0.9
v 0.4 1.2 0.8
v 0.4 1.2 -0.8
v 0.4 1.2 -0.9
v 0.4 1.3 0.9
v 0.4 1.3 0.8
v 0.4 1.3 -0.8
v 0.4 1.3 -0.9
v 0.4 1.4 0.9
v 0.4 1.4 0.8
v 0.4 1.5 0.7
v 0.4 1.5 0.6
v 0.4 1.5 -0.6
v 0.4 1.5 -0.7
v 0.4 1.6 0.7
v 0.4 1.6 0.6
v 0.4 1.6 -0.6
v 0.4 1.6 -0.7
v 0.4 1.7 0.6
v 0.4 1.7 0.5
v 0.4 1.7 -0.5
v 0.4 1.7 -0.6
v 0.4 1.8 0.6
v 0.4 1.8 0.5
v 0.4 1.8 0.4
v 0.4 1.8 -0.4
v 0.4 1.8 -0.5
v 0.4 1.8 -0.6
v 0.4 1.9 -0.4
v 0.4 1.9 -0.5
v 0.4 2 0.5
v 0.4 2 0.4
v 0.4 2 0.3
v 0.4 2 -0.3
v 0.4 2 -0.4
v 0.4 2 -0.5
v 0.4 2.1 0.4
v 0.4 2.1 0.3
v 0.4 2.1 0.2
v 0.4 2.1 -0.2
v 0.4 2.1 -0.3
v 0.4 2.1 -0.4
v 0.4 2.2 0.3
v 0.4 2.2 0.2
v 0.4 2.2 0.1
v 0.4 2.2 -0.1
v 0.4 2.2 -0.2
v 0.4 2.2 -0.3
v 0.4 2.3 0.2
v 0.4 2.3 0.1
v 0.4 2.3 0
v 0.4 2.3 -0.1
v 0.4 2.3 -0.2
v 0.4 2.4 0.1
v 0.4 2.4 0
v 0.4 2.4 -0.1
v 0.5 0.9 1
v 0.5 0.9 0.9
v 0.5 0.9 -0.9
v 0.5 0.9 -1
v 0.5 1 1
v 0.5 1 0.9
v 0.5 1 -0.9
v 0.5 1 -1
v 0.5 1.1 0.9
v 0.5 1.1 0.8
v 0.5 1.1 -0.8
v 0.5 1.1 -0.9
v 0.5 1.2 0.9
v 0.5 1.2 0.8
v 0.5 1.2 0.7
v 0.5 1.2 -0.7
v 0.5 1.2 -0.8
v 0.5 1.2 -0.9
v 0.5 1.3 0.8
v 0.5 1.3 0.7
v 0.5 1.4 0.8
v 0.5 1.4 0.7
v 0.5 1.4 0.6
v 0.5 1.4 -0.6
v 0.5 1.4 -0.7
v 0.5 1.4 -0.8
v 0.5 1.5 0.7
v 0.5 1.5 0.6
v 0.5 1.5 0.5
v 0.5 1.5 -0.5
v 0.5 1.5 -0.6
v 0.5 1.5 -0.7
v 0.5 1.6 0.9
v 0.5 1.6 0.8
v 0.5 1.6 -0.5
v 0.5 1.6 -0.6
v 0.5 1.7 0.9
v 0.5 1.7 0.8
v 0.5 1.7 0.6
v 0.5 1.7 0.5
v 0.5 1.7 0.4
v 0.5 1.7 -0.4
v 0.5 1.7 -0.5
v 0.5 1.7 -0.6
v 0.5 1.8 0.5
v 0.5 1.8 0.4
v 0.5 1.8 0.3
v 0.5 1.8 -0.3
v 0.5 1.8 -0.4
v 0.5 1.8 -0.5
v 0.5 1.9 0.3
v 0.5 1.9 0.2
v 0.5 1.9 -0.2
v 0.5 1.9 -0.3
v 0.5 2 0.4
v 0.5 2 0.3
v 0.5 2 0.2
v 0.5 2 0.1
v 0.5 2 0
v 0.5 2 -0.1
v 0.5 2 -0.2
v 0.5 2 -0.3
v 0.5 2 -0.4
v 0.5 2.1 0.3
v 0.5 2.1 0.2
v 0.5 2.1 0.1
v 0.5 2.1 -0.1
v 0.5 2.1 -0.2
v 0.5 2.1 -0.3
v 0.5 2.2 0.2
v 0.5 2.2 0.1
v 0.5 2.2 -0.1
v 0.5 2.2 -0.2
v 0.6 0.7 1
v 0.6 0.7 0.9
v 0.6 0.7 -0.9
v 0.6 0.7 -1
v 0.6 0.9 1
v 0.6 0.9 0.9
v 0.6 0.9 -0.9
v 0.6 0.9 -1
v 0.6 1 0.9
v 0.6 1 0.8
v 0.6 1 -0.8
v 0.6 1 -0.9
v 0.6 1.1 0.9
v 0.6 1.1 0.8
v 0.6 1.1 0.7
v 0.6 1.1 -0.7
v 0.6 1.1 -0.8
v 0.6 1.1 -0.9
v 0.6 1.2 0.8
v 0.6 1.2 0.7
v 0.6 1.2 -0.7
v 0.6 1.2 -0.8
v 0.6 1.3 0.7
v 0.6 1.3 0.6
v 0.6 1.3 -0.6
v 0.6 1.3 -0.7
v 0.6 1.4 0.7
v 0.6 1.4 0.6
v 0.6 1.4 0.5
v 0.6 1.4 -0.5
v 0.6 1.4 -0.6
v 0.6 1.4 -0.7
v 0.6 1.5 0.6
v 0.6 1.5 0.5
v 0.6 1.5 0.4
v 0.6 1.5 -0.4
v 0.6 1.5 -0.5
v 0.6 1.5 -0.6
v 0.6 1.6 0.4
v 0.6 1.6 0.3
v 0.6 1.6 -0.3
v 0.6 1.6 -0.4
v 0.6 1.6 -0.5
v 0.6 1.7 0.9
v 0.6 1.7 0.8
v 0.6 1.7 0.5
v 0.6 1.7 0.4
v 0.6 1.7 0.3
v 0.6 1.7 0.2
v 0.6 1.7 -0.2
v 0.6 1.7 -0.3
v 0.6 1.7 -0.4
v 0.6 1.7 -0.5
v 0.6 1.8 0.9
v 0.6 1.8 0.8
v 0.6 1.8 0.4
v 0.6 1.8 0.3
v 0.6 1.8 0.2
v 0.6 1.8 -0.1
v 0.6 1.8 -0.2
v 0.6 1.8 -0.3
v 0.6 1.8 -0.4
v 0.6 1.9 0.3
v 0.6 1.9 0.2
v 0.6 1.9 0.1
v 0.6 1.9 0
v 0.6 1.9 -0.2
v 0.6 1.9 -0.3
v 0.6 2 0.2
v 0.6 2 0.1
v 0.6 2 0
v 0.6 2 -0.2
v 0.7 0.7 0.9
v 0.7 0.7 0.8
v 0.7 0.7 -0.8
v 0.7 0.7 -0.9
v 0.7 0.9 0.9
v 0.7 0.9 0.8
v 0.7 1 0.9
v 0.7 1 0.8
v 0.7 1 0.7
v 0.7 1 -0.7
v 0.7 1 -0.8
v 0.7 1 -0.9
v 0.7 1.1 0.8
v 0.7 1.1 0.7
v 0.7 1.1 0.6
v 0.7 1.1 -0.6
v 0.7 1.1 -0.7
v 0.7 1.1 -0.8
v 0.7 1.2 0.7
v 0.7 1.2 0.6
v 0.7 1.2 0.5
v 0.7 1.2 -0.5
v 0.7 1.2 -0.6
v 0.7 1.3 0.7
v 0.7 1.3 0.6
v 0.7 1.3 0.5
v 0.7 1.3 -0.5
v 0.7 1.3 -0.6
v 0.7 1.3 -0.7
v 0.7 1.4 0.6
v 0.7 1.4 0.5
v 0.7 1.4 0.4
v 0.7 1.4 0.3
v 0.7 1.4 -0.3
v 0.7 1.4 -0.5
v 0.7 1.4 -0.6
v 0.7 1.5 0.5
v 0.7 1.5 0.4
v 0.7 1.5 0.3
v 0.7 1.5 0.2
v 0.7 1.5 -0.2
v 0.7 1.5 -0.3
v 0.7 1.5 -0.4
v 0.7 1.5 -0.5
v 0.7 1.6 0.4
v 0.7 1.6 0.3
v 0.7 1.6 0.2
v 0.7 1.6 0
v 0.7 1.6 -0.1
v 0.7 1.6 -0.2
v 0.7 1.6 -0.3
v 0.7 1.6 -0.4
v 0.7 1.7 0.3
v 0.7 1.7 0.2
v 0.7 1.7 -0.1
v 0.7 1.7 -0.2
v 0.7 1.7 -0.3
v 0.7 1.8 0.2
v 0.7 1.8 -0.1
v 0.7 1.8 -0.2
v 0.8 0.7 0.8
v 0.8 0.7 0.7
v 0.8 0.7 -0.7
v 0.8 0.7 -0.8
v 0.8 0.8 0.7
v 0.8 0.9 0.7
v 0.8 1 0.8
v 0.8 1 0.7
v 0.8 1 0.6
v 0.8 1 -0.6
v 0.8 1 -0.7
v 0.8 1 -0.8
v 0.8 1.1 0.7
v 0.8 1.1 0.6
v 0.8 1.1 0.5
v 0.8 1.1 -0.5
v 0.8 1.1 -0.6
v 0.8 1.1 -0.7
v 0.8 1.2 0.6
v 0.8 1.2 0.5
v 0.8 1.2 0.4
v 0.8 1.2 -0.4
v 0.8 1.2 -0.5
v 0.8 1.2 -0.6
v 0.8 1.3 0.4
v 0.8 1.3 0.3
v 0.8 1.3 0.2
v 0.8 1.3 -0.2
v 0.8 1.3 -0.4
v 0.8 1.4 0.5
v 0.8 1.4 0.4
v 0.8 1.4 0.3
v 0.8 1.4 0.2
v 0.8 1.4 0.1
v 0.8 1.4 0
v 0.8 1.4 -0.2
v 0.8 1.4 -0.3
v 0.8 1.4 -0.5
v 0.8 1.5 0.3
v 0.8 1.5 0.2
v 0.8 1.5 0.1
v 0.8 1.5 0
v 0.8 1.5 -0.1
v 0.8 1.5 -0.2
v 0.8 1.5 -0.3
v 0.8 1.6 0.2
v 0.8 1.6 0
v 0.8 1.6 -0.1
v 0.8 1.6 -0.2
v 0.9 0.7 0.7
v 0.9 0.7 0.6
v 0.9 0.7 -0.6
v 0.9 0.7 -0.7
v 0.9 0.8 0.7
v 0.9 0.8 0.6
v 0.9 0.9 0.7
v 0.9 0.9 0.6
v 0.9 0.9 0.5
v 0.9 0.9 -0.5
v 0.9 0.9 -0.6
v 0.9 1 0.7
v 0.9 1 0.6
v 0.9 1 0.5
v 0.9 1 0.4
v 0.9 1 -0.4
v 0.9 1 -0.5
v 0.9 1 -0.6
v 0.9 1 -0.7
v 0.9 1.1 0.6
v 0.9 1.1 0.5
v 0.9 1.1 0.4
v 0.9 1.1 0.3
v 0.9 1.1 0.2
v 0.9 1.1 -0.2
v 0.9 1.1 -0.3
v 0.9 1.1 -0.4
v 0.9 1.1 -0.5
v 0.9 1.1 -0.6
v 0.9 1.2 0.5
v 0.9 1.2 0.4
v 0.9 1.2 0.2
v 0.9 1.2 -0.2
v 0.9 1.2 -0.4
v 0.9 1.2 -0.5
v 0.9 1.3 0.4
v 0.9 1.3 0.2
v 0.9 1.3 -0.2
v 0.9 1.3 -0.4
v 0.9 1.4 0.2
v 0.9 1.4 -0.2
v 1 0.7 0.6
v 1 0.7 0.4
v 1 0.7 -0.4
v 1 0.7 -0.6
v 1 0.8 -0.4
v 1 0.8 -0.5
v 1 0.9 0.6
v 1 0.9 0.5
v 1 0.9 0.4
v 1 0.9 0.2
v 1 0.9 -0.2
v 1 0.9 -0.4
v 1 0.9 -0.5
v 1 0.9 -0.6
v 1 1 0.5
v 1 1 0.4
v 1 1 0.3
v 1 1 0.2
v 1 1 -0.1
v 1 1 -0.2
v 1 1 -0.3
v 1 1 -0.4
v 1 1 -0.5
v 1 1.1 0.4
v 1 1.1 0.3
v 1 1.1 0.2
v 1 1.1 -0.1
v 1 1.1 -0.2
v 1 1.1 -0.3
v 1 1.1 -0.4
v 1 1.2 0.2
v 1 1.2 -0.2
v 1.1 0.7 0.4
v 1.1 0.7 0
v 1.1 0.7 -0.1
v 1.1 0.7 -0.4
v 1.1 0.8 0.2
v 1.1 0.8 0.1
v 1.1 0.9 0.4
v 1.1 0.9 0.2
v 1.1 0.9 0.1
v 1.1 0.9 0
v 1.1 0.9 -0.1
v 1.1 0.9 -0.2
v 1.1 0.9 -0.4
v 1.1 1 0.2
v 1.1 1 -0.1
v 1.1 1 -0.2
v -0.4 0.7 1.1
v -0.4 0.8 1.1
v -0.4 0.9 1.1
v -0.3 0.8 1.1
v -0.3 0.9 1.1
v -0.2 0.9 1.1
v -0.2 1 1.1
v -0.1 0.8 1.1
v -0.1 0.9 1.1
v 0 0.8 1.1
v 0 0.9 1.1
v 0.2 0.9 1.1
v 0.2 1 1.1
v 0.4 0.7 1.1
v 0.4 0.9 1.1
v -0.6 0.7 1
v -0.6 0.9 1
v -0.5 0.9 1
v -0.5 1 1
v -0.4 0.7 1
v -0.4 0.8 1
v -0.4 0.9 1
v -0.4 1 1
v -0.4 1.1 1
v -0.3 0.9 1
v -0.3 1 1
v -0.2 0.9 1
v -0.2 1 1
v -0.2 1.1 1
v -0.2 1.2 1
v 0 1.1 1
v 0 1.2 1
v 0.1 1.1 1
v 0.1 1.2 1
v 0.2 0.9 1
v 0.2 1 1
v 0.2 1.1 1
v 0.2 1.2 1
v 0.4 0.7 1
v 0.4 0.8 1
v 0.4 0.9 1
v 0.4 1 1
v 0.4 1.1 1
v 0.5 0.8 1
v 0.5 0.9 1
v 0.5 1 1
v 0.6 0.7 1
v 0.6 0.9 1
v -0.7 0.7 0.9
v -0.7 1 0.9
v -0.6 0.7 0.9
v -0.6 0.9 0.9
v -0.6 1 0.9
v -0.6 1.1 0.9
v -0.5 0.9 0.9
v -0.5 1 0.9
v -0.5 1.1 0.9
v -0.5 1.2 0.9
v -0.4 1 0.9
v -0.4 1.1 0.9
v -0.4 1.2 0.9
v -0.4 1.3 0.9
v -0.3 1.7 0.9
v -0.3 1.8 0.9
v -0.2 1.1 0.9
v -0.2 1.2 0.9
v -0.2 1.3 0.9
v -0.2 1.4 0.9
v -0.2 1.6 0.9
v -0.2 1.7 0.9
v -0.1 1.7 0.9
v -0.1 1.8 0.9
v 0 1.2 0.9
v 0 1.4 0.9
v 0 1.5 0.9
v 0 1.6 0.9
v 0 1.7 0.9
v 0.1 1.2 0.9
v 0.1 1.4 0.9
v 0.2 1.1 0.9
v 0.2 1.2 0.9
v 0.2 1.3 0.9
v 0.2 1.4 0.9
v 0.3 1.1 0.9
v 0.3 1.2 0.9
v 0.3 1.4 0.9
v 0.3 1.5 0.9
v 0.3 1.6 0.9
v 0.3 1.7 0.9
v 0.4 1 0.9
v 0.4 1.1 0.9
v 0.4 1.2 0.9
v 0.4 1.3 0.9
v 0.4 1.4 0.9
v 0.4 1.7 0.9
v 0.4 1.8 0.9
v 0.5 0.9 0.9
v 0.5 1 0.9
v 0.5 1.1 0.9
v 0.5 1.2 0.9
v 0.5 1.6 0.9
v 0.5 1.7 0.9
v 0.6 0.7 0.9
v 0.6 0.9 0.9
v 0.6 1 0.9
v 0.6 1.1 0.9
v 0.6 1.7 0.9
v 0.6 1.8 0.9
v 0.7 0.7 0.9
v 0.7 0.9 0.9
v 0.7 1 0.9
v -0.8 0.7 0.8
v -0.8 0.9 0.8
v -0.8 1 0.8
v -0.7 0.7 0.8
v -0.7 0.9 0.8
v -0.7 1 0.8
v -0.7 1.1 0.8
v -0.6 1 0.8
v -0.6 1.1 0.8
v -0.6 1.2 0.8
v -0.5 1.1 0.8
v -0.5 1.2 0.8
v -0.5 1.3 0.8
v -0.5 1.4 0.8
v -0.4 1.2 0.8
v -0.4 1.3 0.8
v -0.3 1.4 0.8
v -0.3 1.5 0.8
v -0.2 1.3 0.8
v -0.2 1.4 0.8
v -0.2 1.5 0.8
v -0.2 1.6 0.8
v 0 1.4 0.8
v 0 1.5 0.8
v 0 1.6 0.8
v 0.1 1.5 0.8
v 0.1 1.6 0.8
v 0.2 1.5 0.8
v 0.2 1.6 0.8
v 0.4 1.2 0.8
v 0.4 1.3 0.8
v 0.4 1.4 0.8
v 0.5 1.1 0.8
v 0.5 1.2 0.8
v 0.5 1.3 0.8
v 0.5 1.4 0.8
v 0.6 1 0.8
v 0.6 1.1 0.8
v 0.6 1.2 0.8
v 0.7 0.7 0.8
v 0.7 0.9 0.8
v 0.7 1 0.8
v 0.7 1.1 0.8
v 0.8 0.7 0.8
v 0.8 1 0.8
v -0.9 0.7 0.7
v -0.9 1 0.7
v -0.8 0.7 0.7
v -0.8 0.9 0.7
v -0.8 1 0.7
v -0.8 1.1 0.7
v -0.7 1 0.7
v -0.7 1.1 0.7
v -0.7 1.3 0.7
v -0.6 1.1 0.7
v -0.6 1.2 0.7
v -0.6 1.3 0.7
v -0.6 1.4 0.7
v -0.5 1.2 0.7
v -0.5 1.3 0.7
v -0.5 1.4 0.7
v -0.5 1.5 0.7
v -0.4 1.4 0.7
v -0.4 1.5 0.7
v -0.4 1.6 0.7
v -0.3 1.4 0.7
v -0.3 1.5 0.7
v -0.3 1.6 0.7
v -0.3 1.7 0.7
v -0.2 1.5 0.7
v -0.2 1.6 0.7
v -0.2 1.7 0.7
v -0.2 1.8 0.7
v -0.1 1.6 0.7
v -0.1 1.7 0.7
v 0 1.6 0.7
v 0 1.7 0.7
v 0.1 1.6 0.7
v 0.2 1.5 0.7
v 0.2 1.6 0.7
v 0.2 1.7 0.7
v 0.2 1.8 0.7
v 0.3 1.4 0.7
v 0.3 1.5 0.7
v 0.3 1.6 0.7
v 0.3 1.7 0.7
v 0.4 1.5 0.7
v 0.4 1.6 0.7
v 0.5 1.2 0.7
v 0.5 1.3 0.7
v 0.5 1.4 0.7
v 0.5 1.5 0.7
v 0.6 1.1 0.7
v 0.6 1.2 0.7
v 0.6 1.3 0.7
v 0.6 1.4 0.7
v 0.7 1 0.7
v 0.7 1.1 0.7
v 0.7 1.2 0.7
v 0.7 1.3 0.7
v 0.8 0.7 0.7
v 0.8 0.8 0.7
v 0.8 0.9 0.7
v 0.8 1 0.7
v 0.8 1.1 0.7
v 0.9 0.7 0.7
v 0.9 0.8 0.7
v 0.9 0.9 0.7
v 0.9 1 0.7
v -1 0.7 0.6
v -1 0.9 0.6
v -0.9 0.7 0.6
v -0.9 0.9 0.6
v -0.9 1 0.6
v -0.9 1.1 0.6
v -0.8 1 0.6
v -0.8 1.1 0.6
v -0.8 1.2 0.6
v -0.7 1.1 0.6
v -0.7 1.2 0.6
v -0.7 1.3 0.6
v -0.7 1.4 0.6
v -0.6 1.3 0.6
v -0.6 1.4 0.6
v -0.6 1.5 0.6
v -0.5 1.4 0.6
v -0.5 1.5 0.6
v -0.5 1.7 0.6
v -0.4 1.5 0.6
v -0.4 1.6 0.6
v -0.4 1.7 0.6
v -0.4 1.8 0.6
v -0.3 1.6 0.6
v -0.3 1.7 0.6
v -0.3 1.8 0.6
v -0.3 1.9 0.6
v -0.2 1.7 0.6
v -0.2 1.8 0.6
v -0.2 1.9 0.6
v -0.2 2 0.6
v 0 1.8 0.6
v 0 1.9 0.6
v 0.1 1.8 0.6
v 0.1 1.9 0.6
v 0.2 1.7 0.6
v 0.2 1.8 0.6
v 0.2 1.9 0.6
v 0.2 2 0.6
v 0.3 1.6 0.6
v 0.3 1.7 0.6
v 0.3 1.8 0.6
v 0.3 1.9 0.6
v 0.4 1.5 0.6
v 0.4 1.6 0.6
v 0.4 1.7 0.6
v 0.4 1.8 0.6
v 0.5 1.4 0.6
v 0.5 1.5 0.6
v 0.5 1.7 0.6
v 0.6 1.3 0.6
v 0.6 1.4 0.6
v 0.6 1.5 0.6
v 0.7 1.1 0.6
v 0.7 1.2 0.6
v 0.7 1.3 0.6
v 0.7 1.4 0.6
v 0.8 1 0.6
v 0.8 1.1 0.6
v 0.8 1.2 0.6
v 0.9 0.7 0.6
v 0.9 0.8 0.6
v 0.9 0.9 0.6
v 0.9 1 0.6
v 0.9 1.1 0.6
v 1 0.7 0.6
v 1 0.9 0.6
v -1 0.9 0.5
v -1 1 0.5
v -0.9 0.9 0.5
v -0.9 1 0.5
v -0.9 1.1 0.5
v -0.9 1.2 0.5
v -0.8 1.1 0.5
v -0.8 1.2 0.5
v -0.8 1.3 0.5
v -0.8 1.4 0.5
v -0.7 1.2 0.5
v -0.7 1.3 0.5
v -0.7 1.4 0.5
v -0.7 1.5 0.5
v -0.6 1.4 0.5
v -0.6 1.5 0.5
v -0.6 1.7 0.5
v -0.5 1.5 0.5
v -0.5 1.7 0.5
v -0.5 1.8 0.5
v -0.4 1.7 0.5
v -0.4 1.8 0.5
v -0.4 2 0.5
v -0.3 1.8 0.5
v -0.3 1.9 0.5
v -0.3 2 0.5
v -0.3 2.1 0.5
v -0.2 1.9 0.5
v -0.2 2 0.5
v -0.2 2.1 0.5
v -0.2 2.2 0.5
v -0.1 2.1 0.5
v -0.1 2.2 0.5
v 0.1 2 0.5
v 0.1 2.1 0.5
v 0.1 2.2 0.5
v 0.2 1.9 0.5
v 0.2 2 0.5
v 0.2 2.1 0.5
v 0.2 2.2 0.5
v 0.3 1.8 0.5
v 0.3 1.9 0.5
v 0.3 2 0.5
v 0.3 2.1 0.5
v 0.4 1.7 0.5
v 0.4 1.8 0.5
v 0.4 2 0.5
v 0.5 1.5 0.5
v 0.5 1.7 0.5
v 0.5 1.8 0.5
v 0.6 1.4 0.5
v 0.6 1.5 0.5
v 0.6 1.7 0.5
v 0.7 1.2 0.5
v 0.7 1.3 0.5
v 0.7 1.4 0.5
v 0.7 1.5 0.5
v 0.8 1.1 0.5
v 0.8 1.2 0.5
v 0.8 1.4 0.5
v 0.9 0.9 0.5
v 0.9 1 0.5
v 0.9 1.1 0.5
v 0.9 1.2 0.5
v 1 0.9 0.5
v 1 1 0.5
v -1.1 0.7 0.4
v -1.1 0.9 0.4
v -1 0.7 0.4
v -1 0.9 0.4
v -1 1 0.4
v -1 1.1 0.4
v -0.9 1 0.4
v -0.9 1.1 0.4
v -0.9 1.2 0.4
v -0.9 1.3 0.4
v -0.8 1.2 0.4
v -0.8 1.3 0.4
v -0.7 1.5 0.4
v -0.7 1.6 0.4
v -0.6 1.5 0.4
v -0.6 1.6 0.4
v -0.6 1.7 0.4
v -0.6 1.8 0.4
v -0.5 1.7 0.4
v -0.5 1.8 0.4
v -0.5 2 0.4
v -0.4 1.8 0.4
v -0.4 2 0.4
v -0.4 2.1 0.4
v -0.3 2 0.4
v -0.3 2.1 0.4
v -0.3 2.2 0.4
v -0.2 0 0.4
v -0.2 0.7 0.4
v -0.2 0.8 0.4
v -0.2 2.1 0.4
v -0.2 2.2 0.4
v -0.2 2.3 0.4
v -0.1 2.2 0.4
v -0.1 2.3 0.4
v -0.1 2.4 0.4
v 0 2.3 0.4
v 0 2.4 0.4
v 0.1 2.2 0.4
v 0.1 2.3 0.4
v 0.1 2.4 0.4
v 0.2 0 0.4
v 0.2 0.7 0.4
v 0.2 0.8 0.4
v 0.2 2.1 0.4
v 0.2 2.2 0.4
v 0.2 2.3 0.4
v 0.3 2 0.4
v 0.3 2.1 0.4
v 0.3 2.2 0.4
v 0.4 1.8 0.4
v 0.4 2 0.4
v 0.4 2.1 0.4
v 0.5 1.7 0.4
v 0.5 1.8 0.4
v 0.5 2 0.4
v 0.6 1.5 0.4
v 0.6 1.6 0.4
v 0.6 1.7 0.4
v 0.6 1.8 0.4
v 0.7 1.5 0.4
v 0.7 1.6 0.4
v 0.8 1.2 0.4
v 0.8 1.3 0.4
v 0.9 1 0.4
v 0.9 1.1 0.4
v 0.9 1.2 0.4
v 0.9 1.3 0.4
v 1 0.7 0.4
v 1 0.9 0.4
v 1 1 0.4
v 1 1.1 0.4
v 1.1 0.7 0.4
v 1.1 0.9 0.4
v -0.8 1.4 0.3
v -0.8 1.5 0.3
v -0.7 1.4 0.3
v -0.7 1.5 0.3
v -0.7 1.6 0.3
v -0.7 1.7 0.3
v -0.6 1.6 0.3
v -0.6 1.7 0.3
v -0.6 1.8 0.3
v -0.6 1.9 0.3
v -0.5 1.8 0.3
v -0.5 1.9 0.3
v -0.5 2 0.3
v -0.5 2.1 0.3
v -0.4 2 0.3
v -0.4 2.1 0.3
v -0.4 2.2 0.3
v -0.3 0 0.3
v -0.3 0.7 0.3
v -0.3 0.8 0.3
v -0.3 2.1 0.3
v -0.3 2.2 0.3
v -0.3 2.3 0.3
v -0.3 2.4 0.3
v -0.2 0 0.3
v -0.2 0.7 0.3
v -0.2 0.8 0.3
v -0.2 2.2 0.3
v -0.2 2.3 0.3
v -0.2 2.4 0.3
v -0.2 2.5 0.3
v -0.1 2.3 0.3
v -0.1 2.4 0.3
v -0.1 2.5 0.3
v -0.1 2.6 0.3
v 0 2.4 0.3
v 0.1 2.3 0.3
v 0.1 2.4 0.3
v 0.1 2.5 0.3
v 0.1 2.6 0.3
v 0.2 0 0.3
v 0.2 0.7 0.3
v 0.2 0.8 0.3
v 0.2 2.2 0.3
v 0.2 2.3 0.3
v 0.2 2.4 0.3
v 0.2 2.5 0.3
v 0.3 0 0.3
v 0.3 0.7 0.3
v 0.3 0.8 0.3
v 0.3 2.1 0.3
v 0.3 2.2 0.3
v 0.3 2.4 0.3
v 0.4 2 0.3
v 0.4 2.1 0.3
v 0.4 2.2 0.3
v 0.5 1.8 0.3
v 0.5 1.9 0.3
v 0.5 2 0.3
v 0.5 2.1 0.3
v 0.6 1.6 0.3
v 0.6 1.7 0.3
v 0.6 1.8 0.3
v 0.6 1.9 0.3
v 0.7 1.4 0.3
v 0.7 1.5 0.3
v 0.7 1.6 0.3
v 0.7 1.7 0.3
v 0.8 1.4 0.3
v 0.8 1.5 0.3
v -1.1 0.9 0.2
v -1.1 1 0.2
v -1 0.9 0.2
v -1 1 0.2
v -1 1.1 0.2
v -1 1.2 0.2
v -0.9 1.1 0.2
v -0.9 1.2 0.2
v -0.9 1.3 0.2
v -0.9 1.4 0.2
v -0.8 1.3 0.2
v -0.8 1.4 0.2
v -0.8 1.5 0.2
v -0.8 1.6 0.2
v -0.7 1.5 0.2
v -0.7 1.6 0.2
v -0.7 1.7 0.2
v -0.7 1.8 0.2
v -0.6 1.7 0.2
v -0.6 1.8 0.2
v -0.6 1.9 0.2
v -0.6 2 0.2
v -0.5 1.9 0.2
v -0.5 2 0.2
v -0.5 2.1 0.2
v -0.5 2.2 0.2
v -0.4 0 0.2
v -0.4 0.7 0.2
v -0.4 0.8 0.2
v -0.4 2.1 0.2
v -0.4 2.2 0.2
v -0.4 2.3 0.2
v -0.3 0 0.2
v -0.3 0.7 0.2
v -0.3 0.8 0.2
v -0.3 2.2 0.2
v -0.3 2.3 0.2
v -0.3 2.4 0.2
v -0.3 2.5 0.2
v -0.2 2.4 0.2
v -0.2 2.5 0.2
v -0.2 2.7 0.2
v -0.1 2.5 0.2
v -0.1 2.6 0.2
v -0.1 2.7 0.2
v -0.1 2.8 0.2
v 0 2.6 0.2
v 0 2.7 0.2
v 0.1 2.5 0.2
v 0.1 2.6 0.2
v 0.1 2.7 0.2
v 0.1 2.8 0.2
v 0.2 2.4 0.2
v 0.2 2.5 0.2
v 0.2 2.7 0.2
v 0.3 0 0.2
v 0.3 0.7 0.2
v 0.3 0.8 0.2
v 0.3 2.2 0.2
v 0.3 2.3 0.2
v 0.3 2.4 0.2
v 0.3 2.5 0.2
v 0.4 0 0.2
v 0.4 0.7 0.2
v 0.4 0.8 0.2
v 0.4 2.1 0.2
v 0.4 2.2 0.2
v 0.4 2.3 0.2
v 0.5 1.9 0.2
v 0.5 2 0.2
v 0.5 2.1 0.2
v 0.5 2.2 0.2
v 0.6 1.7 0.2
v 0.6 1.8 0.2
v 0.6 1.9 0.2
v 0.6 2 0.2
v 0.7 1.5 0.2
v 0.7 1.6 0.2
v 0.7 1.7 0.2
v 0.7 1.8 0.2
v 0.8 1.3 0.2
v 0.8 1.4 0.2
v 0.8 1.5 0.2
v 0.8 1.6 0.2
v 0.9 1.1 0.2
v 0.9 1.2 0.2
v 0.9 1.3 0.2
v 0.9 1.4 0.2
v 1 0.9 0.2
v 1 1 0.2
v 1 1.1 0.2
v 1 1.2 0.2
v 1.1 0.9 0.2
v 1.1 1 0.2
v -0.4 2.3 0.1
v -0.4 2.4 0.1
v -0.3 2.3 0.1
v -0.3 2.4 0.1
v -0.3 2.5 0.1
v -0.3 2.6 0.1
v -0.2 2.5 0.1
v -0.2 2.6 0.1
v -0.2 2.7 0.1
v -0.2 2.8 0.1
v -0.1 2.7 0.1
v -0.1 2.8 0.1
v -0.1 2.9 0.1
v 0.1 2.7 0.1
v 0.1 2.8 0.1
v 0.1 2.9 0.1
v 0.2 2.5 0.1
v 0.2 2.6 0.1
v 0.2 2.7 0.1
v 0.2 2.8 0.1
v 0.3 2.3 0.1
v 0.3 2.4 0.1
v 0.3 2.5 0.1
v 0.3 2.6 0.1
v 0.4 2.3 0.1
v 0.4 2.4 0.1
v -0.6 0.7 -0.3
v -0.6 0.8 -0.3
v -0.5 0.7 -0.3
v -0.5 0.8 -0.3
v 0.5 0.7 -0.3
v 0.5 0.8 -0.3
v 0.6 0.7 -0.3
v 0.6 0.8 -0.3
v -0.5 0.7 -0.4
v -0.5 0.8 -0.4
v -0.4 0.7 -0.4
v -0.4 0.8 -0.4
v 0.4 0.7 -0.4
v 0.4 0.8 -0.4
v 0.5 0.7 -0.4
v 0.5 0.8 -0.4
v -0.4 0.7 -0.5
v -0.4 0.8 -0.5
v -0.3 0.7 -0.5
v -0.3 0.8 -0.5
v 0.3 0.7 -0.5
v 0.3 0.8 -0.5
v 0.4 0.7 -0.5
v 0.4 0.8 -0.5
v -0.3 0.7 -0.6
v -0.3 0.8 -0.6
v 0.3 0.7 -0.6
v 0.3 0.8 -0.6
v -0.3 1.7 0.8
v -0.3 1.8 0.8
v -0.2 1.6 0.8
v -0.2 1.7 0.8
v -0.1 1.7 0.8
v -0.1 1.8 0.8
v 0 1.6 0.8
v 0 1.7 0.8
v 0.3 1.6 0.8
v 0.3 1.7 0.8
v 0.4 1.7 0.8
v 0.4 1.8 0.8
v 0.5 1.6 0.8
v 0.5 1.7 0.8
v 0.6 1.7 0.8
v 0.6 1.8 0.8
v -0.3 0.7 0.6
v -0.3 0.8 0.6
v 0.3 0.7 0.6
v 0.3 0.8 0.6
v -0.4 0.7 0.5
v -0.4 0.8 0.5
v -0.3 0.7 0.5
v -0.3 0.8 0.5
v 0.3 0.7 0.5
v 0.3 0.8 0.5
v 0.4 0.7 0.5
v 0.4 0.8 0.5
v -0.5 0.7 0.4
v -0.5 0.8 0.4
v -0.4 0.7 0.4
v -0.4 0.8 0.4
v 0.4 0.7 0.4
v 0.4 0.8 0.4
v 0.5 0.7 0.4
v 0.5 0.8 0.4
v -0.6 0.7 0.3
v -0.6 0.8 0.3
v -0.5 0.7 0.3
v -0.5 0.8 0.3
v 0.5 0.7 0.3
v 0.5 0.8 0.3
v 0.6 0.7 0.3
v 0.6 0.8 0.3
v -0.4 2.3 -0.1
v -0.4 2.4 -0.1
v -0.3 2.3 -0.1
v -0.3 2.4 -0.1
v -0.3 2.5 -0.1
v -0.3 2.6 -0.1
v -0.2 2.5 -0.1
v -0.2 2.6 -0.1
v -0.2 2.7 -0.1
v -0.2 2.8 -0.1
v -0.1 2.7 -0.1
v -0.1 2.8 -0.1
v -0.1 2.9 -0.1
v 0.1 2.7 -0.1
v 0.1 2.8 -0.1
v 0.1 2.9 -0.1
v 0.2 2.5 -0.1
v 0.2 2.6 -0.1
v 0.2 2.7 -0.1
v 0.2 2.8 -0.1
v 0.3 2.3 -0.1
v 0.3 2.4 -0.1
v 0.3 2.5 -0.1
v 0.3 2.6 -0.1
v 0.4 2.3 -0.1
v 0.4 2.4 -0.1
v -1.1 0.9 -0.2
v -1.1 1 -0.2
v -1 0.9 -0.2
v -1 1 -0.2
v -1 1.1 -0.2
v -1 1.2 -0.2
v -0.9 1.1 -0.2
v -0.9 1.2 -0.2
v -0.9 1.3 -0.2
v -0.9 1.4 -0.2
v -0.8 1.3 -0.2
v -0.8 1.4 -0.2
v -0.8 1.5 -0.2
v -0.8 1.6 -0.2
v -0.7 1.5 -0.2
v -0.7 1.6 -0.2
v -0.7 1.7 -0.2
v -0.7 1.8 -0.2
v -0.6 1.7 -0.2
v -0.6 1.8 -0.2
v -0.6 1.9 -0.2
v -0.6 2 -0.2
v -0.5 1.9 -0.2
v -0.5 2 -0.2
v -0.5 2.1 -0.2
v -0.5 2.2 -0.2
v -0.4 0 -0.2
v -0.4 0.7 -0.2
v -0.4 0.8 -0.2
v -0.4 2.1 -0.2
v -0.4 2.2 -0.2
v -0.4 2.3 -0.2
v -0.3 0 -0.2
v -0.3 0.7 -0.2
v -0.3 0.8 -0.2
v -0.3 2.2 -0.2
v -0.3 2.3 -0.2
v -0.3 2.4 -0.2
v -0.3 2.5 -0.2
v -0.2 2.4 -0.2
v -0.2 2.5 -0.2
v -0.2 2.7 -0.2
v -0.1 2.5 -0.2
v -0.1 2.6 -0.2
v -0.1 2.7 -0.2
v -0.1 2.8 -0.2
v 0 2.6 -0.2
v 0.1 2.5 -0.2
v 0.1 2.6 -0.2
v 0.1 2.7 -0.2
v 0.1 2.8 -0.2
v 0.2 2.4 -0.2
v 0.2 2.5 -0.2
v 0.2 2.6 -0.2
v 0.2 2.7 -0.2
v 0.3 0 -0.2
v 0.3 0.7 -0.2
v 0.3 0.8 -0.2
v 0.3 2.2 -0.2
v 0.3 2.3 -0.2
v 0.3 2.4 -0.2
v 0.3 2.5 -0.2
v 0.4 0 -0.2
v 0.4 0.7 -0.2
v 0.4 0.8 -0.2
v 0.4 2.1 -0.2
v 0.4 2.2 -0.2
v 0.4 2.3 -0.2
v 0.5 1.9 -0.2
v 0.5 2 -0.2
v 0.5 2.1 -0.2
v 0.5 2.2 -0.2
v 0.6 1.7 -0.2
v 0.6 1.8 -0.2
v 0.6 1.9 -0.2
v 0.6 2 -0.2
v 0.7 1.5 -0.2
v 0.7 1.6 -0.2
v 0.7 1.7 -0.2
v 0.7 1.8 -0.2
v 0.8 1.3 -0.2
v 0.8 1.4 -0.2
v 0.8 1.5 -0.2
v 0.8 1.6 -0.2
v 0.9 1.1 -0.2
v 0.9 1.2 -0.2
v 0.9 1.3 -0.2
v 0.9 1.4 -0.2
v 1 0.9 -0.2
v 1 1 -0.2
v 1 1.1 -0.2
v 1 1.2 -0.2
v 1.1 0.9 -0.2
v 1.1 1 -0.2
v -0.8 1.4 -0.3
v -0.8 1.5 -0.3
v -0.7 1.4 -0.3
v -0.7 1.5 -0.3
v -0.7 1.6 -0.3
v -0.7 1.7 -0.3
v -0.6 1.6 -0.3
v -0.6 1.7 -0.3
v -0.6 1.8 -0.3
v -0.6 1.9 -0.3
v -0.5 1.8 -0.3
v -0.5 1.9 -0.3
v -0.5 2 -0.3
v -0.5 2.1 -0.3
v -0.4 2 -0.3
v -0.4 2.1 -0.3
v -0.4 2.2 -0.3
v -0.3 0 -0.3
v -0.3 0.7 -0.3
v -0.3 0.8 -0.3
v -0.3 2.1 -0.3
v -0.3 2.2 -0.3
v -0.3 2.4 -0.3
v -0.2 0 -0.3
v -0.2 0.7 -0.3
v -0.2 0.8 -0.3
v -0.2 2.2 -0.3
v -0.2 2.3 -0.3
v -0.2 2.4 -0.3
v -0.2 2.5 -0.3
v -0.1 2.3 -0.3
v -0.1 2.4 -0.3
v -0.1 2.5 -0.3
v -0.1 2.6 -0.3
v 0 2.5 -0.3
v 0 2.6 -0.3
v 0.1 2.3 -0.3
v 0.1 2.4 -0.3
v 0.1 2.5 -0.3
v 0.1 2.6 -0.3
v 0.2 0 -0.3
v 0.2 0.7 -0.3
v 0.2 0.8 -0.3
v 0.2 2.2 -0.3
v 0.2 2.3 -0.3
v 0.2 2.4 -0.3
v 0.2 2.5 -0.3
v 0.3 0 -0.3
v 0.3 0.7 -0.3
v 0.3 0.8 -0.3
v 0.3 2.1 -0.3
v 0.3 2.2 -0.3
v 0.3 2.3 -0.3
v 0.3 2.4 -0.3
v 0.4 2 -0.3
v 0.4 2.1 -0.3
v 0.4 2.2 -0.3
v 0.5 1.8 -0.3
v 0.5 1.9 -0.3
v 0.5 2 -0.3
v 0.5 2.1 -0.3
v 0.6 1.6 -0.3
v 0.6 1.7 -0.3
v 0.6 1.8 -0.3
v 0.6 1.9 -0.3
v 0.7 1.4 -0.3
v 0.7 1.5 -0.3
v 0.7 1.6 -0.3
v 0.7 1.7 -0.3
v 0.8 1.4 -0.3
v 0.8 1.5 -0.3
v -1.1 0.7 -0.4
v -1.1 0.9 -0.4
v -1 0.7 -0.4
v -1 0.9 -0.4
v -1 1 -0.4
v -1 1.1 -0.4
v -0.9 1 -0.4
v -0.9 1.1 -0.4
v -0.9 1.2 -0.4
v -0.9 1.3 -0.4
v -0.8 1.2 -0.4
v -0.8 1.3 -0.4
v -0.7 1.5 -0.4
v -0.7 1.6 -0.4
v -0.6 1.5 -0.4
v -0.6 1.6 -0.4
v -0.6 1.7 -0.4
v -0.6 1.8 -0.4
v -0.5 1.7 -0.4
v -0.5 1.8 -0.4
v -0.5 1.9 -0.4
v -0.5 2 -0.4
v -0.4 1.8 -0.4
v -0.4 1.9 -0.4
v -0.4 2 -0.4
v -0.4 2.1 -0.4
v -0.3 2 -0.4
v -0.3 2.1 -0.4
v -0.3 2.2 -0.4
v -0.2 0 -0.4
v -0.2 0.7 -0.4
v -0.2 0.8 -0.4
v -0.2 2.1 -0.4
v -0.2 2.2 -0.4
v -0.2 2.3 -0.4
v -0.1 2.2 -0.4
v -0.1 2.3 -0.4
v -0.1 2.4 -0.4
v 0 2.2 -0.4
v 0 2.3 -0.4
v 0.1 2.3 -0.4
v 0.1 2.4 -0.4
v 0.2 0 -0.4
v 0.2 0.7 -0.4
v 0.2 0.8 -0.4
v 0.2 2.1 -0.4
v 0.2 2.2 -0.4
v 0.2 2.3 -0.4
v 0.3 2 -0.4
v 0.3 2.1 -0.4
v 0.3 2.2 -0.4
v 0.4 1.8 -0.4
v 0.4 1.9 -0.4
v 0.4 2 -0.4
v 0.4 2.1 -0.4
v 0.5 1.7 -0.4
v 0.5 1.8 -0.4
v 0.5 2 -0.4
v 0.6 1.5 -0.4
v 0.6 1.6 -0.4
v 0.6 1.7 -0.4
v 0.6 1.8 -0.4
v 0.7 1.5 -0.4
v 0.7 1.6 -0.4
v 0.8 1.2 -0.4
v 0.8 1.3 -0.4
v 0.9 1 -0.4
v 0.9 1.1 -0.4
v 0.9 1.2 -0.4
v 0.9 1.3 -0.4
v 1 0.7 -0.4
v 1 0.8 -0.4
v 1 0.9 -0.4
v 1 1 -0.4
v 1 1.1 -0.4
v 1.1 0.7 -0.4
v 1.1 0.9 -0.4
v -1 0.9 -0.5
v -1 1 -0.5
v -0.9 0.9 -0.5
v -0.9 1 -0.5
v -0.9 1.1 -0.5
v -0.9 1.2 -0.5
v -0.8 1.1 -0.5
v -0.8 1.2 -0.5
v -0.8 1.4 -0.5
v -0.7 1.2 -0.5
v -0.7 1.3 -0.5
v -0.7 1.4 -0.5
v -0.7 1.5 -0.5
v -0.6 1.4 -0.5
v -0.6 1.5 -0.5
v -0.6 1.6 -0.5
v -0.6 1.7 -0.5
v -0.5 1.5 -0.5
v -0.5 1.6 -0.5
v -0.5 1.7 -0.5
v -0.5 1.8 -0.5
v -0.4 1.7 -0.5
v -0.4 1.8 -0.5
v -0.4 1.9 -0.5
v -0.4 2 -0.5
v -0.3 1.8 -0.5
v -0.3 1.9 -0.5
v -0.3 2 -0.5
v -0.3 2.1 -0.5
v -0.2 1.9 -0.5
v -0.2 2 -0.5
v -0.2 2.1 -0.5
v -0.2 2.2 -0.5
v -0.1 2 -0.5
v -0.1 2.1 -0.5
v -0.1 2.2 -0.5
v 0 2 -0.5
v 0 2.1 -0.5
v 0 2.2 -0.5
v 0.2 1.9 -0.5
v 0.2 2 -0.5
v 0.2 2.1 -0.5
v 0.2 2.2 -0.5
v 0.3 1.8 -0.5
v 0.3 1.9 -0.5
v 0.3 2 -0.5
v 0.3 2.1 -0.5
v 0.4 1.7 -0.5
v 0.4 1.8 -0.5
v 0.4 1.9 -0.5
v 0.4 2 -0.5
v 0.5 1.5 -0.5
v 0.5 1.6 -0.5
v 0.5 1.7 -0.5
v 0.5 1.8 -0.5
v 0.6 1.4 -0.5
v 0.6 1.5 -0.5
v 0.6 1.6 -0.5
v 0.6 1.7 -0.5
v 0.7 1.2 -0.5
v 0.7 1.3 -0.5
v 0.7 1.4 -0.5
v 0.7 1.5 -0.5
v 0.8 1.1 -0.5
v 0.8 1.2 -0.5
v 0.8 1.4 -0.5
v 0.9 0.9 -0.5
v 0.9 1 -0.5
v 0.9 1.1 -0.5
v 0.9 1.2 -0.5
v 1 0.9 -0.5
v 1 1 -0.5
v -1 0.7 -0.6
v -1 0.9 -0.6
v -0.9 0.7 -0.6
v -0.9 0.9 -0.6
v -0.9 1 -0.6
v -0.9 1.1 -0.6
v -0.8 1 -0.6
v -0.8 1.1 -0.6
v -0.8 1.2 -0.6
v -0.7 1.1 -0.6
v -0.7 1.2 -0.6
v -0.7 1.3 -0.6
v -0.7 1.4 -0.6
v -0.6 1.3 -0.6
v -0.6 1.4 -0.6
v -0.6 1.5 -0.6
v -0.5 1.4 -0.6
v -0.5 1.5 -0.6
v -0.5 1.6 -0.6
v -0.5 1.7 -0.6
v -0.4 1.5 -0.6
v -0.4 1.6 -0.6
v -0.4 1.7 -0.6
v -0.4 1.8 -0.6
v -0.3 1.6 -0.6
v -0.3 1.7 -0.6
v -0.3 1.8 -0.6
v -0.3 1.9 -0.6
v -0.2 1.7 -0.6
v -0.2 1.8 -0.6
v -0.2 1.9 -0.6
v -0.2 2 -0.6
v -0.1 1.9 -0.6
v -0.1 2 -0.6
v 0 1.9 -0.6
v 0 2 -0.6
v 0.1 1.8 -0.6
v 0.2 1.7 -0.6
v 0.2 1.8 -0.6
v 0.2 1.9 -0.6
v 0.2 2 -0.6
v 0.3 1.6 -0.6
v 0.3 1.7 -0.6
v 0.3 1.8 -0.6
v 0.3 1.9 -0.6
v 0.4 1.5 -0.6
v 0.4 1.6 -0.6
v 0.4 1.7 -0.6
v 0.4 1.8 -0.6
v 0.5 1.4 -0.6
v 0.5 1.5 -0.6
v 0.5 1.6 -0.6
v 0.5 1.7 -0.6
v 0.6 1.3 -0.6
v 0.6 1.4 -0.6
v 0.6 1.5 -0.6
v 0.7 1.1 -0.6
v 0.7 1.2 -0.6
v 0.7 1.3 -0.6
v 0.7 1.4 -0.6
v 0.8 1 -0.6
v 0.8 1.1 -0.6
v 0.8 1.2 -0.6
v 0.9 0.7 -0.6
v 0.9 0.9 -0.6
v 0.9 1 -0.6
v 0.9 1.1 -0.6
v 1 0.7 -0.6
v 1 0.9 -0.6
v -0.9 0.7 -0.7
v -0.9 1 -0.7
v -0.8 0.7 -0.7
v -0.8 1 -0.7
v -0.8 1.1 -0.7
v -0.7 1 -0.7
v -0.7 1.1 -0.7
v -0.7 1.2 -0.7
v -0.7 1.3 -0.7
v -0.6 1.1 -0.7
v -0.6 1.2 -0.7
v -0.6 1.3 -0.7
v -0.6 1.4 -0.7
v -0.5 1.2 -0.7
v -0.5 1.4 -0.7
v -0.5 1.5 -0.7
v -0.4 1.5 -0.7
v -0.4 1.6 -0.7
v -0.3 1.4 -0.7
v -0.3 1.5 -0.7
v -0.3 1.6 -0.7
v -0.3 1.7 -0.7
v -0.2 1.5 -0.7
v -0.2 1.6 -0.7
v -0.2 1.7 -0.7
v -0.2 1.8 -0.7
v -0.1 1.6 -0.7
v -0.1 1.7 -0.7
v 0 1.6 -0.7
v 0 1.7 -0.7
v 0.1 1.7 -0.7
v 0.1 1.8 -0.7
v 0.2 1.5 -0.7
v 0.2 1.6 -0.7
v 0.2 1.7 -0.7
v 0.2 1.8 -0.7
v 0.3 1.4 -0.7
v 0.3 1.5 -0.7
v 0.3 1.6 -0.7
v 0.3 1.7 -0.7
v 0.4 1.4 -0.7
v 0.4 1.5 -0.7
v 0.4 1.6 -0.7
v 0.5 1.2 -0.7
v 0.5 1.4 -0.7
v 0.5 1.5 -0.7
v 0.6 1.1 -0.7
v 0.6 1.2 -0.7
v 0.6 1.3 -0.7
v 0.6 1.4 -0.7
v 0.7 1 -0.7
v 0.7 1.1 -0.7
v 0.7 1.3 -0.7
v 0.8 0.7 -0.7
v 0.8 1 -0.7
v 0.8 1.1 -0.7
v 0.9 0.7 -0.7
v 0.9 1 -0.7
v -0.8 0.7 -0.8
v -0.8 1 -0.8
v -0.7 0.7 -0.8
v -0.7 0.8 -0.8
v -0.7 0.9 -0.8
v -0.7 1 -0.8
v -0.7 1.1 -0.8
v -0.6 1 -0.8
v -0.6 1.1 -0.8
v -0.6 1.2 -0.8
v -0.5 1.1 -0.8
v -0.5 1.2 -0.8
v -0.5 1.4 -0.8
v -0.4 1.2 -0.8
v -0.4 1.3 -0.8
v -0.3 1.4 -0.8
v -0.3 1.5 -0.8
v -0.2 1.3 -0.8
v -0.2 1.4 -0.8
v -0.2 1.5 -0.8
v -0.2 1.6 -0.8
v -0.1 1.5 -0.8
v -0.1 1.6 -0.8
v 0.2 1.3 -0.8
v 0.2 1.4 -0.8
v 0.2 1.5 -0.8
v 0.2 1.6 -0.8
v 0.3 1.4 -0.8
v 0.3 1.5 -0.8
v 0.4 1.2 -0.8
v 0.4 1.3 -0.8
v 0.5 1.1 -0.8
v 0.5 1.2 -0.8
v 0.5 1.4 -0.8
v 0.6 1 -0.8
v 0.6 1.1 -0.8
v 0.6 1.2 -0.8
v 0.7 0.7 -0.8
v 0.7 1 -0.8
v 0.7 1.1 -0.8
v 0.8 0.7 -0.8
v 0.8 1 -0.8
v -0.7 0.7 -0.9
v -0.7 0.8 -0.9
v -0.7 0.9 -0.9
v -0.7 1 -0.9
v -0.6 0.7 -0.9
v -0.6 0.8 -0.9
v -0.6 0.9 -0.9
v -0.6 1 -0.9
v -0.6 1.1 -0.9
v -0.5 0.9 -0.9
v -0.5 1 -0.9
v -0.5 1.1 -0.9
v -0.5 1.2 -0.9
v -0.4 1 -0.9
v -0.4 1.1 -0.9
v -0.4 1.2 -0.9
v -0.4 1.3 -0.9
v -0.2 1.1 -0.9
v -0.2 1.2 -0.9
v -0.2 1.3 -0.9
v -0.2 1.4 -0.9
v -0.1 1.2 -0.9
v 0 1.2 -0.9
v 0.2 1.1 -0.9
v 0.2 1.2 -0.9
v 0.2 1.3 -0.9
v 0.2 1.4 -0.9
v 0.3 1.1 -0.9
v 0.3 1.2 -0.9
v 0.4 1 -0.9
v 0.4 1.1 -0.9
v 0.4 1.2 -0.9
v 0.4 1.3 -0.9
v 0.5 0.9 -0.9
v 0.5 1 -0.9
v 0.5 1.1 -0.9
v 0.5 1.2 -0.9
v 0.6 0.7 -0.9
v 0.6 0.9 -0.9
v 0.6 1 -0.9
v 0.6 1.1 -0.9
v 0.7 0.7 -0.9
v 0.7 1 -0.9
v -0.6 0.7 -1
v -0.6 0.9 -1
v -0.5 0.9 -1
v -0.5 1 -1
v -0.4 0.7 -1
v -0.4 0.9 -1
v -0.4 1 -1
v -0.4 1.1 -1
v -0.2 0.9 -1
v -0.2 1 -1
v -0.2 1.1 -1
v -0.2 1.2 -1
v -0.1 1 -1
v -0.1 1.1 -1
v -0.1 1.2 -1
v 0 1.1 -1
v 0 1.2 -1
v 0.1 1 -1
v 0.2 0.9 -1
v 0.2 1 -1
v 0.2 1.1 -1
v 0.2 1.2 -1
v 0.4 0.7 -1
v 0.4 0.9 -1
v 0.4 1 -1
v 0.4 1.1 -1
v 0.5 0.9 -1
v 0.5 1 -1
v 0.6 0.7 -1
v 0.6 0.9 -1
v -0.4 0.7 -1.1
v -0.4 0.9 -1.1
v -0.2 0.9 -1.1
v -0.2 1 -1.1
v -0.1 0.9 -1.1
v -0.1 1 -1.1
v 0.1 0.9 -1.1
v 0.1 1 -1.1
v 0.2 0.9 -1.1
v 0.2 1 -1.1
v 0.4 0.7 -1.1
v 0.4 0.9 -1.1
v -0.2 0 0.4
v 0.2 0 0.4
v -0.3 0 0.3
v -0.2 0 0.3
v 0.2 0 0.3
v 0.3 0 0.3
v -0.4 0 0.2
v -0.3 0 0.2
v 0.3 0 0.2
v 0.4 0 0.2
v -0.4 0 -0.2
v -0.3 0 -0.2
v 0.3 0 -0.2
v 0.4 0 -0.2
v -0.3 0 -0.3
v -0.2 0 -0.3
v 0.2 0 -0.3
v 0.3 0 -0.3
v -0.2 0 -0.4
v 0.2 0 -0.4
v -0.4 0.7 1.1
v 0.4 0.7 1.1
v -0.6 0.7 1
v -0.4 0.7 1
v 0.4 0.7 1
v 0.6 0.7 1
v -0.7 0.7 0.9
v -0.6 0.7 0.9
v -0.4 0.7 0.9
v 0.4 0.7 0.9
v 0.6 0.7 0.9
v 0.7 0.7 0.9
v -0.8 0.7 0.8
v -0.7 0.7 0.8
v -0.6 0.7 0.8
v -0.4 0.7 0.8
v 0.4 0.7 0.8
v 0.6 0.7 0.8
v 0.7 0.7 0.8
v 0.8 0.7 0.8
v -0.9 0.7 0.7
v -0.8 0.7 0.7
v -0.7 0.7 0.7
v -0.6 0.7 0.7
v 0.6 0.7 0.7
v 0.7 0.7 0.7
v 0.8 0.7 0.7
v 0.9 0.7 0.7
v -1 0.7 0.6
v -0.9 0.7 0.6
v -0.8 0.7 0.6
v -0.7 0.7 0.6
v -0.3 0.7 0.6
v 0.3 0.7 0.6
v 0.7 0.7 0.6
v 0.8 0.7 0.6
v 0.9 0.7 0.6
v 1 0.7 0.6
v -0.4 0.7 0.5
v -0.3 0.7 0.5
v 0.3 0.7 0.5
v 0.4 0.7 0.5
v -1.1 0.7 0.4
v -1 0.7 0.4
v -0.9 0.7 0.4
v -0.8 0.7 0.4
v -0.5 0.7 0.4
v -0.4 0.7 0.4
v 0.4 0.7 0.4
v 0.5 0.7 0.4
v 0.8 0.7 0.4
v 0.9 0.7 0.4
v 1 0.7 0.4
v 1.1 0.7 0.4
v -0.6 0.7 0.3
v -0.5 0.7 0.3
v 0.5 0.7 0.3
v 0.6 0.7 0.3
v 1 0.7 0
v 1.1 0.7 0
v 1 0.7 -0.1
v 1.1 0.7 -0.1
v -0.6 0.7 -0.3
v -0.5 0.7 -0.3
v 0.5 0.7 -0.3
v 0.6 0.7 -0.3
v -1.1 0.7 -0.4
v -1 0.7 -0.4
v -0.9 0.7 -0.4
v -0.8 0.7 -0.4
v -0.5 0.7 -0.4
v -0.4 0.7 -0.4
v 0.4 0.7 -0.4
v 0.5 0.7 -0.4
v 0.8 0.7 -0.4
v 0.9 0.7 -0.4
v 1 0.7 -0.4
v 1.1 0.7 -0.4
v -0.4 0.7 -0.5
v -0.3 0.7 -0.5
v 0.3 0.7 -0.5
v 0.4 0.7 -0.5
v -1 0.7 -0.6
v -0.9 0.7 -0.6
v -0.8 0.7 -0.6
v -0.7 0.7 -0.6
v -0.3 0.7 -0.6
v 0.3 0.7 -0.6
v 0.7 0.7 -0.6
v 0.8 0.7 -0.6
v 0.9 0.7 -0.6
v 1 0.7 -0.6
v -0.9 0.7 -0.7
v -0.8 0.7 -0.7
v -0.7 0.7 -0.7
v -0.6 0.7 -0.7
v 0.6 0.7 -0.7
v 0.7 0.7 -0.7
v 0.8 0.7 -0.7
v 0.9 0.7 -0.7
v -0.8 0.7 -0.8
v -0.7 0.7 -0.8
v -0.6 0.7 -0.8
v -0.4 0.7 -0.8
v 0.4 0.7 -0.8
v 0.6 0.7 -0.8
v 0.7 0.7 -0.8
v 0.8 0.7 -0.8
v -0.7 0.7 -0.9
v -0.6 0.7 -0.9
v -0.4 0.7 -0.9
v 0.4 0.7 -0.9
v 0.6 0.7 -0.9
v 0.7 0.7 -0.9
v -0.6 0.7 -1
v -0.4 0.7 -1
v 0.4 0.7 -1
v 0.6 0.7 -1
v -0.4 0.7 -1.1
v 0.4 0.7 -1.1
v -0.3 0.8 0.6
v 0.3 0.8 0.6
v -0.4 0.8 0.5
v -0.3 0.8 0.5
v 0.3 0.8 0.5
v 0.4 0.8 0.5
v -0.5 0.8 0.4
v -0.4 0.8 0.4
v -0.2 0.8 0.4
v 0.2 0.8 0.4
v 0.4 0.8 0.4
v 0.5 0.8 0.4
v -0.6 0.8 0.3
v -0.5 0.8 0.3
v -0.3 0.8 0.3
v -0.2 0.8 0.3
v 0.2 0.8 0.3
v 0.3 0.8 0.3
v 0.5 0.8 0.3
v 0.6 0.8 0.3
v -0.4 0.8 0.2
v -0.3 0.8 0.2
v 0.3 0.8 0.2
v 0.4 0.8 0.2
v -0.4 0.8 -0.2
v -0.3 0.8 -0.2
v 0.3 0.8 -0.2
v 0.4 0.8 -0.2
v -0.6 0.8 -0.3
v -0.5 0.8 -0.3
v -0.3 0.8 -0.3
v -0.2 0.8 -0.3
v 0.2 0.8 -0.3
v 0.3 0.8 -0.3
v 0.5 0.8 -0.3
v 0.6 0.8 -0.3
v -0.5 0.8 -0.4
v -0.4 0.8 -0.4
v -0.2 0.8 -0.4
v 0.2 0.8 -0.4
v 0.4 0.8 -0.4
v 0.5 0.8 -0.4
v -0.4 0.8 -0.5
v -0.3 0.8 -0.5
v 0.3 0.8 -0.5
v 0.4 0.8 -0.5
v -0.3 0.8 -0.6
v 0.3 0.8 -0.6
v -0.2 1.6 0.9
v 0 1.6 0.9
v 0.3 1.6 0.9
v 0.5 1.6 0.9
v -0.2 1.6 0.8
v 0 1.6 0.8
v 0.3 1.6 0.8
v 0.5 1.6 0.8
v -0.3 1.7 0.9
v -0.2 1.7 0.9
v 0.5 1.7 0.9
v 0.6 1.7 0.9
v -0.3 1.7 0.8
v -0.2 1.7 0.8
v 0.5 1.7 0.8
v 0.6 1.7 0.8
v -0.4 0.9 1.1
v -0.3 0.9 1.1
v -0.2 0.9 1.1
v 0.2 0.9 1.1
v 0.4 0.9 1.1
v -0.6 0.9 1
v -0.5 0.9 1
v -0.4 0.9 1
v -0.3 0.9 1
v -0.2 0.9 1
v 0.2 0.9 1
v 0.4 0.9 1
v 0.5 0.9 1
v 0.6 0.9 1
v -0.6 0.9 0.9
v -0.5 0.9 0.9
v 0.5 0.9 0.9
v 0.6 0.9 0.9
v -1 0.9 0.6
v -0.9 0.9 0.6
v 0.9 0.9 0.6
v 1 0.9 0.6
v -1 0.9 0.5
v -0.9 0.9 0.5
v 0.9 0.9 0.5
v 1 0.9 0.5
v -1.1 0.9 0.4
v -1 0.9 0.4
v 1 0.9 0.4
v 1.1 0.9 0.4
v -1.1 0.9 0.2
v -1 0.9 0.2
v 1 0.9 0.2
v 1.1 0.9 0.2
v -1.1 0.9 -0.2
v -1 0.9 -0.2
v 1 0.9 -0.2
v 1.1 0.9 -0.2
v -1.1 0.9 -0.4
v -1 0.9 -0.4
v 1 0.9 -0.4
v 1.1 0.9 -0.4
v -1 0.9 -0.5
v -0.9 0.9 -0.5
v 0.9 0.9 -0.5
v 1 0.9 -0.5
v -1 0.9 -0.6
v -0.9 0.9 -0.6
v 0.9 0.9 -0.6
v 1 0.9 -0.6
v -0.6 0.9 -0.9
v -0.5 0.9 -0.9
v 0.5 0.9 -0.9
v 0.6 0.9 -0.9
v -0.6 0.9 -1
v -0.5 0.9 -1
v -0.4 0.9 -1
v -0.2 0.9 -1
v 0.2 0.9 -1
v 0.4 0.9 -1
v 0.5 0.9 -1
v 0.6 0.9 -1
v -0.4 0.9 -1.1
v -0.2 0.9 -1.1
v 0.2 0.9 -1.1
v 0.4 0.9 -1.1
v -0.2 1 1.1
v 0.2 1 1.1
v -0.5 1 1
v -0.4 1 1
v -0.2 1 1
v 0.2 1 1
v 0.4 1 1
v 0.5 1 1
v -0.7 1 0.9
v -0.6 1 0.9
v -0.5 1 0.9
v -0.4 1 0.9
v 0.4 1 0.9
v 0.5 1 0.9
v 0.6 1 0.9
v 0.7 1 0.9
v -0.8 1 0.8
v -0.7 1 0.8
v -0.6 1 0.8
v 0.6 1 0.8
v 0.7 1 0.8
v 0.8 1 0.8
v -0.9 1 0.7
v -0.8 1 0.7
v -0.7 1 0.7
v 0.7 1 0.7
v 0.8 1 0.7
v 0.9 1 0.7
v -0.9 1 0.6
v -0.8 1 0.6
v 0.8 1 0.6
v 0.9 1 0.6
v -1 1 0.5
v -0.9 1 0.5
v 0.9 1 0.5
v 1 1 0.5
v -1 1 0.4
v -0.9 1 0.4
v 0.9 1 0.4
v 1 1 0.4
v -1.1 1 0.2
v -1 1 0.2
v 1 1 0.2
v 1.1 1 0.2
v -1.1 1 -0.1
v -1 1 -0.1
v 1 1 -0.1
v 1.1 1 -0.1
v -1.1 1 -0.2
v -1 1 -0.2
v 1 1 -0.2
v 1.1 1 -0.2
v -1 1 -0.4
v -0.9 1 -0.4
v 0.9 1 -0.4
v 1 1 -0.4
v -1 1 -0.5
v -0.9 1 -0.5
v 0.9 1 -0.5
v 1 1 -0.5
v -0.9 1 -0.6
v -0.8 1 -0.6
v 0.8 1 -0.6
v 0.9 1 -0.6
v -0.9 1 -0.7
v -0.8 1 -0.7
v -0.7 1 -0.7
v 0.7 1 -0.7
v 0.8 1 -0.7
v 0.9 1 -0.7
v -0.8 1 -0.8
v -0.7 1 -0.8
v -0.6 1 -0.8
v 0.6 1 -0.8
v 0.7 1 -0.8
v 0.8 1 -0.8
v -0.7 1 -0.9
v -0.6 1 -0.9
v -0.5 1 -0.9
v -0.4 1 -0.9
v 0.4 1 -0.9
v 0.5 1 -0.9
v 0.6 1 -0.9
v 0.7 1 -0.9
v -0.5 1 -1
v -0.4 1 -1
v -0.2 1 -1
v -0.1 1 -1
v 0.1 1 -1
v 0.2 1 -1
v 0.4 1 -1
v 0.5 1 -1
v -0.2 1 -1.1
v -0.1 1 -1.1
v 0.1 1 -1.1
v 0.2 1 -1.1
v -0.4 1.1 1
v -0.2 1.1 1
v 0.2 1.1 1
v 0.4 1.1 1
v -0.6 1.1 0.9
v -0.5 1.1 0.9
v -0.4 1.1 0.9
v -0.2 1.1 0.9
v 0.2 1.1 0.9
v 0.3 1.1 0.9
v 0.4 1.1 0.9
v 0.5 1.1 0.9
v 0.6 1.1 0.9
v -0.7 1.1 0.8
v -0.6 1.1 0.8
v -0.5 1.1 0.8
v 0.5 1.1 0.8
v 0.6 1.1 0.8
v 0.7 1.1 0.8
v -0.8 1.1 0.7
v -0.7 1.1 0.7
v -0.6 1.1 0.7
v 0.6 1.1 0.7
v 0.7 1.1 0.7
v 0.8 1.1 0.7
v -0.9 1.1 0.6
v -0.8 1.1 0.6
v -0.7 1.1 0.6
v 0.7 1.1 0.6
v 0.8 1.1 0.6
v 0.9 1.1 0.6
v -0.9 1.1 0.5
v -0.8 1.1 0.5
v 0.8 1.1 0.5
v 0.9 1.1 0.5
v -1 1.1 0.4
v -0.9 1.1 0.4
v 0.9 1.1 0.4
v 1 1.1 0.4
v 0.9 1.1 0.3
v 1 1.1 0.3
v -1 1.1 0.2
v -0.9 1.1 0.2
v 0.9 1.1 0.2
v 1 1.1 0.2
v -1 1.1 -0.2
v -0.9 1.1 -0.2
v 0.9 1.1 -0.2
v 1 1.1 -0.2
v -1 1.1 -0.3
v -0.9 1.1 -0.3
v 0.9 1.1 -0.3
v 1 1.1 -0.3
v -1 1.1 -0.4
v -0.9 1.1 -0.4
v 0.9 1.1 -0.4
v 1 1.1 -0.4
v -0.9 1.1 -0.5
v -0.8 1.1 -0.5
v 0.8 1.1 -0.5
v 0.9 1.1 -0.5
v -0.9 1.1 -0.6
v -0.8 1.1 -0.6
v -0.7 1.1 -0.6
v 0.7 1.1 -0.6
v 0.8 1.1 -0.6
v 0.9 1.1 -0.6
v -0.8 1.1 -0.7
v -0.7 1.1 -0.7
v -0.6 1.1 -0.7
v 0.6 1.1 -0.7
v 0.7 1.1 -0.7
v 0.8 1.1 -0.7
v -0.7 1.1 -0.8
v -0.6 1.1 -0.8
v -0.5 1.1 -0.8
v 0.5 1.1 -0.8
v 0.6 1.1 -0.8
v 0.7 1.1 -0.8
v -0.6 1.1 -0.9
v -0.5 1.1 -0.9
v -0.4 1.1 -0.9
v -0.2 1.1 -0.9
v 0.2 1.1 -0.9
v 0.3 1.1 -0.9
v 0.4 1.1 -0.9
v 0.5 1.1 -0.9
v 0.6 1.1 -0.9
v -0.4 1.1 -1
v -0.2 1.1 -1
v 0.2 1.1 -1
v 0.4 1.1 -1
v -0.2 1.2 1
v 0 1.2 1
v 0.1 1.2 1
v 0.2 1.2 1
v -0.5 1.2 0.9
v -0.4 1.2 0.9
v -0.2 1.2 0.9
v 0 1.2 0.9
v 0.1 1.2 0.9
v 0.2 1.2 0.9
v 0.4 1.2 0.9
v 0.5 1.2 0.9
v -0.6 1.2 0.8
v -0.5 1.2 0.8
v -0.4 1.2 0.8
v 0.4 1.2 0.8
v 0.5 1.2 0.8
v 0.6 1.2 0.8
v -0.6 1.2 0.7
v -0.5 1.2 0.7
v 0.5 1.2 0.7
v 0.6 1.2 0.7
v -0.8 1.2 0.6
v -0.7 1.2 0.6
v 0.7 1.2 0.6
v 0.8 1.2 0.6
v -0.9 1.2 0.5
v -0.8 1.2 0.5
v -0.7 1.2 0.5
v 0.7 1.2 0.5
v 0.8 1.2 0.5
v 0.9 1.2 0.5
v -0.9 1.2 0.4
v -0.8 1.2 0.4
v 0.8 1.2 0.4
v 0.9 1.2 0.4
v -1 1.2 0.2
v -0.9 1.2 0.2
v 0.9 1.2 0.2
v 1 1.2 0.2
v -1 1.2 -0.1
v -0.9 1.2 -0.1
v -1 1.2 -0.2
v -0.9 1.2 -0.2
v 0.9 1.2 -0.2
v 1 1.2 -0.2
v -0.9 1.2 -0.4
v -0.8 1.2 -0.4
v 0.8 1.2 -0.4
v 0.9 1.2 -0.4
v -0.9 1.2 -0.5
v -0.8 1.2 -0.5
v -0.7 1.2 -0.5
v 0.7 1.2 -0.5
v 0.8 1.2 -0.5
v 0.9 1.2 -0.5
v -0.8 1.2 -0.6
v -0.7 1.2 -0.6
v 0.7 1.2 -0.6
v 0.8 1.2 -0.6
v -0.6 1.2 -0.7
v -0.5 1.2 -0.7
v 0.5 1.2 -0.7
v 0.6 1.2 -0.7
v -0.6 1.2 -0.8
v -0.5 1.2 -0.8
v -0.4 1.2 -0.8
v 0.4 1.2 -0.8
v 0.5 1.2 -0.8
v 0.6 1.2 -0.8
v -0.5 1.2 -0.9
v -0.4 1.2 -0.9
v -0.2 1.2 -0.9
v -0.1 1.2 -0.9
v 0 1.2 -0.9
v 0.2 1.2 -0.9
v 0.4 1.2 -0.9
v 0.5 1.2 -0.9
v -0.2 1.2 -1
v -0.1 1.2 -1
v 0 1.2 -1
v 0.2 1.2 -1
v -0.4 1.3 0.9
v -0.2 1.3 0.9
v -0.4 1.3 0.8
v -0.2 1.3 0.8
v -0.7 1.3 0.7
v -0.6 1.3 0.7
v 0.6 1.3 0.7
v 0.7 1.3 0.7
v -0.7 1.3 0.6
v -0.6 1.3 0.6
v 0.6 1.3 0.6
v 0.7 1.3 0.6
v -0.9 1.3 0.4
v -0.8 1.3 0.4
v 0.8 1.3 0.4
v 0.9 1.3 0.4
v -0.8 1.3 0.3
v 0.8 1.3 0.3
v -0.9 1.3 0.2
v -0.8 1.3 0.2
v 0.8 1.3 0.2
v 0.9 1.3 0.2
v -0.9 1.3 -0.2
v -0.8 1.3 -0.2
v 0.8 1.3 -0.2
v 0.9 1.3 -0.2
v -0.9 1.3 -0.4
v -0.8 1.3 -0.4
v 0.8 1.3 -0.4
v 0.9 1.3 -0.4
v -0.7 1.3 -0.6
v -0.6 1.3 -0.6
v 0.6 1.3 -0.6
v 0.7 1.3 -0.6
v -0.7 1.3 -0.7
v -0.6 1.3 -0.7
v 0.6 1.3 -0.7
v 0.7 1.3 -0.7
v -0.4 1.3 -0.8
v -0.2 1.3 -0.8
v 0.2 1.3 -0.8
v 0.4 1.3 -0.8
v -0.4 1.3 -0.9
v -0.2 1.3 -0.9
v 0.2 1.3 -0.9
v 0.4 1.3 -0.9
v -0.2 1.4 0.9
v 0 1.4 0.9
v 0.3 1.4 0.9
v 0.4 1.4 0.9
v -0.5 1.4 0.8
v -0.3 1.4 0.8
v -0.2 1.4 0.8
v 0 1.4 0.8
v 0.3 1.4 0.8
v 0.4 1.4 0.8
v 0.5 1.4 0.8
v -0.6 1.4 0.7
v -0.5 1.4 0.7
v -0.4 1.4 0.7
v -0.3 1.4 0.7
v 0.3 1.4 0.7
v 0.5 1.4 0.7
v 0.6 1.4 0.7
v -0.7 1.4 0.6
v -0.6 1.4 0.6
v -0.5 1.4 0.6
v 0.5 1.4 0.6
v 0.6 1.4 0.6
v 0.7 1.4 0.6
v -0.8 1.4 0.5
v -0.7 1.4 0.5
v -0.6 1.4 0.5
v 0.6 1.4 0.5
v 0.7 1.4 0.5
v 0.8 1.4 0.5
v -0.8 1.4 0.4
v -0.7 1.4 0.4
v 0.7 1.4 0.4
v 0.8 1.4 0.4
v -0.8 1.4 0.3
v -0.7 1.4 0.3
v 0.7 1.4 0.3
v 0.8 1.4 0.3
v -0.9 1.4 0.2
v -0.8 1.4 0.2
v 0.8 1.4 0.2
v 0.9 1.4 0.2
v 0.8 1.4 0.1
v 0.8 1.4 0
v -0.9 1.4 -0.2
v -0.8 1.4 -0.2
v 0.8 1.4 -0.2
v 0.9 1.4 -0.2
v -0.8 1.4 -0.3
v -0.7 1.4 -0.3
v 0.7 1.4 -0.3
v 0.8 1.4 -0.3
v -0.7 1.4 -0.4
v -0.8 1.4 -0.5
v -0.7 1.4 -0.5
v -0.6 1.4 -0.5
v 0.6 1.4 -0.5
v 0.7 1.4 -0.5
v 0.8 1.4 -0.5
v -0.7 1.4 -0.6
v -0.6 1.4 -0.6
v -0.5 1.4 -0.6
v 0.5 1.4 -0.6
v 0.6 1.4 -0.6
v 0.7 1.4 -0.6
v -0.6 1.4 -0.7
v -0.5 1.4 -0.7
v -0.3 1.4 -0.7
v 0.3 1.4 -0.7
v 0.4 1.4 -0.7
v 0.5 1.4 -0.7
v 0.6 1.4 -0.7
v -0.5 1.4 -0.8
v -0.3 1.4 -0.8
v -0.2 1.4 -0.8
v 0.2 1.4 -0.8
v 0.3 1.4 -0.8
v 0.5 1.4 -0.8
v -0.2 1.4 -0.9
v 0.2 1.4 -0.9
v 0 1.5 0.9
v 0.3 1.5 0.9
v -0.3 1.5 0.8
v -0.2 1.5 0.8
v 0 1.5 0.8
v 0.1 1.5 0.8
v 0.2 1.5 0.8
v 0.3 1.5 0.8
v -0.5 1.5 0.7
v -0.4 1.5 0.7
v -0.3 1.5 0.7
v -0.2 1.5 0.7
v 0.2 1.5 0.7
v 0.3 1.5 0.7
v 0.4 1.5 0.7
v 0.5 1.5 0.7
v -0.6 1.5 0.6
v -0.5 1.5 0.6
v -0.4 1.5 0.6
v 0.4 1.5 0.6
v 0.5 1.5 0.6
v 0.6 1.5 0.6
v -0.7 1.5 0.5
v -0.6 1.5 0.5
v -0.5 1.5 0.5
v 0.5 1.5 0.5
v 0.6 1.5 0.5
v 0.7 1.5 0.5
v -0.7 1.5 0.4
v -0.6 1.5 0.4
v 0.6 1.5 0.4
v 0.7 1.5 0.4
v -0.8 1.5 0.3
v -0.7 1.5 0.3
v 0.7 1.5 0.3
v 0.8 1.5 0.3
v -0.8 1.5 0.2
v -0.7 1.5 0.2
v 0.7 1.5 0.2
v 0.8 1.5 0.2
v -0.8 1.5 -0.2
v -0.7 1.5 -0.2
v 0.7 1.5 -0.2
v 0.8 1.5 -0.2
v -0.8 1.5 -0.3
v -0.7 1.5 -0.3
v 0.7 1.5 -0.3
v 0.8 1.5 -0.3
v -0.7 1.5 -0.4
v -0.6 1.5 -0.4
v 0.6 1.5 -0.4
v 0.7 1.5 -0.4
v -0.7 1.5 -0.5
v -0.6 1.5 -0.5
v -0.5 1.5 -0.5
v 0.5 1.5 -0.5
v 0.6 1.5 -0.5
v 0.7 1.5 -0.5
v -0.6 1.5 -0.6
v -0.5 1.5 -0.6
v -0.4 1.5 -0.6
v 0.4 1.5 -0.6
v 0.5 1.5 -0.6
v 0.6 1.5 -0.6
v -0.5 1.5 -0.7
v -0.4 1.5 -0.7
v -0.3 1.5 -0.7
v -0.2 1.5 -0.7
v 0.2 1.5 -0.7
v 0.3 1.5 -0.7
v 0.4 1.5 -0.7
v 0.5 1.5 -0.7
v -0.3 1.5 -0.8
v -0.2 1.5 -0.8
v 0.2 1.5 -0.8
v 0.3 1.5 -0.8
v -0.2 1.6 0.8
v 0 1.6 0.8
v 0.1 1.6 0.8
v 0.2 1.6 0.8
v -0.4 1.6 0.7
v -0.3 1.6 0.7
v -0.2 1.6 0.7
v -0.1 1.6 0.7
v 0 1.6 0.7
v 0.1 1.6 0.7
v 0.2 1.6 0.7
v 0.3 1.6 0.7
v 0.4 1.6 0.7
v -0.4 1.6 0.6
v -0.3 1.6 0.6
v 0.3 1.6 0.6
v 0.4 1.6 0.6
v -0.7 1.6 0.4
v -0.6 1.6 0.4
v 0.6 1.6 0.4
v 0.7 1.6 0.4
v -0.7 1.6 0.3
v -0.6 1.6 0.3
v 0.6 1.6 0.3
v 0.7 1.6 0.3
v -0.8 1.6 0.2
v -0.7 1.6 0.2
v 0.7 1.6 0.2
v 0.8 1.6 0.2
v -0.8 1.6 0
v -0.7 1.6 0
v 0.7 1.6 0
v 0.8 1.6 0
v -0.8 1.6 -0.1
v -0.7 1.6 -0.1
v 0.7 1.6 -0.1
v 0.8 1.6 -0.1
v -0.8 1.6 -0.2
v -0.7 1.6 -0.2
v 0.7 1.6 -0.2
v 0.8 1.6 -0.2
v -0.7 1.6 -0.3
v -0.6 1.6 -0.3
v 0.6 1.6 -0.3
v 0.7 1.6 -0.3
v -0.7 1.6 -0.4
v -0.6 1.6 -0.4
v 0.6 1.6 -0.4
v 0.7 1.6 -0.4
v -0.4 1.6 -0.6
v -0.3 1.6 -0.6
v 0.3 1.6 -0.6
v 0.4 1.6 -0.6
v -0.4 1.6 -0.7
v -0.3 1.6 -0.7
v -0.2 1.6 -0.7
v -0.1 1.6 -0.7
v 0 1.6 -0.7
v 0.2 1.6 -0.7
v 0.3 1.6 -0.7
v 0.4 1.6 -0.7
v -0.2 1.6 -0.8
v -0.1 1.6 -0.8
v 0.2 1.6 -0.8
v -0.1 1.7 0.9
v 0 1.7 0.9
v 0.3 1.7 0.9
v 0.4 1.7 0.9
v -0.1 1.7 0.8
v 0 1.7 0.8
v 0.3 1.7 0.8
v 0.4 1.7 0.8
v -0.3 1.7 0.7
v -0.2 1.7 0.7
v 0.2 1.7 0.7
v 0.3 1.7 0.7
v -0.5 1.7 0.6
v -0.4 1.7 0.6
v -0.3 1.7 0.6
v -0.2 1.7 0.6
v 0.2 1.7 0.6
v 0.3 1.7 0.6
v 0.4 1.7 0.6
v 0.5 1.7 0.6
v -0.6 1.7 0.5
v -0.5 1.7 0.5
v -0.4 1.7 0.5
v 0.4 1.7 0.5
v 0.5 1.7 0.5
v 0.6 1.7 0.5
v -0.6 1.7 0.4
v -0.5 1.7 0.4
v 0.5 1.7 0.4
v 0.6 1.7 0.4
v -0.7 1.7 0.3
v -0.6 1.7 0.3
v 0.6 1.7 0.3
v 0.7 1.7 0.3
v -0.7 1.7 0.2
v -0.6 1.7 0.2
v 0.6 1.7 0.2
v 0.7 1.7 0.2
v -0.7 1.7 -0.2
v -0.6 1.7 -0.2
v 0.6 1.7 -0.2
v 0.7 1.7 -0.2
v -0.7 1.7 -0.3
v -0.6 1.7 -0.3
v 0.6 1.7 -0.3
v 0.7 1.7 -0.3
v -0.6 1.7 -0.4
v -0.5 1.7 -0.4
v 0.5 1.7 -0.4
v 0.6 1.7 -0.4
v -0.6 1.7 -0.5
v -0.5 1.7 -0.5
v -0.4 1.7 -0.5
v 0.4 1.7 -0.5
v 0.5 1.7 -0.5
v 0.6 1.7 -0.5
v -0.5 1.7 -0.6
v -0.4 1.7 -0.6
v -0.3 1.7 -0.6
v -0.2 1.7 -0.6
v 0.2 1.7 -0.6
v 0.3 1.7 -0.6
v 0.4 1.7 -0.6
v 0.5 1.7 -0.6
v -0.3 1.7 -0.7
v -0.2 1.7 -0.7
v 0.2 1.7 -0.7
v 0.3 1.7 -0.7
v -0.3 1.8 0.9
v -0.1 1.8 0.9
v 0.4 1.8 0.9
v 0.6 1.8 0.9
v -0.3 1.8 0.8
v -0.1 1.8 0.8
v 0.4 1.8 0.8
v 0.6 1.8 0.8
v -0.2 1.8 0.7
v 0.2 1.8 0.7
v -0.4 1.8 0.6
v -0.3 1.8 0.6
v -0.2 1.8 0.6
v 0 1.8 0.6
v 0.1 1.8 0.6
v 0.2 1.8 0.6
v 0.3 1.8 0.6
v 0.4 1.8 0.6
v -0.5 1.8 0.5
v -0.4 1.8 0.5
v -0.3 1.8 0.5
v 0.3 1.8 0.5
v 0.4 1.8 0.5
v 0.5 1.8 0.5
v -0.6 1.8 0.4
v -0.5 1.8 0.4
v -0.4 1.8 0.4
v 0.4 1.8 0.4
v 0.5 1.8 0.4
v 0.6 1.8 0.4
v -0.6 1.8 0.3
v -0.5 1.8 0.3
v 0.5 1.8 0.3
v 0.6 1.8 0.3
v -0.7 1.8 0.2
v -0.6 1.8 0.2
v 0.6 1.8 0.2
v 0.7 1.8 0.2
v -0.7 1.8 0.1
v -0.6 1.8 0.1
v -0.7 1.8 -0.1
v -0.6 1.8 -0.1
v 0.6 1.8 -0.1
v 0.7 1.8 -0.1
v -0.7 1.8 -0.2
v -0.6 1.8 -0.2
v 0.6 1.8 -0.2
v 0.7 1.8 -0.2
v -0.6 1.8 -0.3
v -0.5 1.8 -0.3
v 0.5 1.8 -0.3
v 0.6 1.8 -0.3
v -0.6 1.8 -0.4
v -0.5 1.8 -0.4
v -0.4 1.8 -0.4
v 0.4 1.8 -0.4
v 0.5 1.8 -0.4
v 0.6 1.8 -0.4
v -0.5 1.8 -0.5
v -0.4 1.8 -0.5
v -0.3 1.8 -0.5
v 0.3 1.8 -0.5
v 0.4 1.8 -0.5
v 0.5 1.8 -0.5
v -0.4 1.8 -0.6
v -0.3 1.8 -0.6
v -0.2 1.8 -0.6
v 0.1 1.8 -0.6
v 0.2 1.8 -0.6
v 0.3 1.8 -0.6
v 0.4 1.8 -0.6
v -0.2 1.8 -0.7
v 0.1 1.8 -0.7
v 0.2 1.8 -0.7
v -0.3 1.9 0.6
v -0.2 1.9 0.6
v 0.2 1.9 0.6
v 0.3 1.9 0.6
v -0.3 1.9 0.5
v -0.2 1.9 0.5
v 0.2 1.9 0.5
v 0.3 1.9 0.5
v -0.6 1.9 0.3
v -0.5 1.9 0.3
v 0.5 1.9 0.3
v 0.6 1.9 0.3
v -0.6 1.9 0.2
v -0.5 1.9 0.2
v 0.5 1.9 0.2
v 0.6 1.9 0.2
v -0.6 1.9 -0.2
v -0.5 1.9 -0.2
v 0.5 1.9 -0.2
v 0.6 1.9 -0.2
v -0.6 1.9 -0.3
v -0.5 1.9 -0.3
v 0.5 1.9 -0.3
v 0.6 1.9 -0.3
v -0.3 1.9 -0.5
v -0.2 1.9 -0.5
v 0.2 1.9 -0.5
v 0.3 1.9 -0.5
v -0.3 1.9 -0.6
v -0.2 1.9 -0.6
v 0.2 1.9 -0.6
v 0.3 1.9 -0.6
v -0.2 2 0.6
v 0.2 2 0.6
v -0.4 2 0.5
v -0.3 2 0.5
v -0.2 2 0.5
v 0.1 2 0.5
v 0.2 2 0.5
v 0.3 2 0.5
v 0.4 2 0.5
v -0.5 2 0.4
v -0.4 2 0.4
v -0.3 2 0.4
v 0.3 2 0.4
v 0.4 2 0.4
v 0.5 2 0.4
v -0.5 2 0.3
v -0.4 2 0.3
v 0.4 2 0.3
v 0.5 2 0.3
v -0.6 2 0.2
v -0.5 2 0.2
v 0.5 2 0.2
v 0.6 2 0.2
v -0.6 2 0.1
v -0.5 2 0.1
v 0.5 2 0.1
v 0.6 2 0.1
v -0.6 2 0
v -0.5 2 0
v 0.5 2 0
v 0.6 2 0
v -0.5 2 -0.1
v 0.5 2 -0.1
v -0.6 2 -0.2
v -0.5 2 -0.2
v 0.5 2 -0.2
v 0.6 2 -0.2
v -0.5 2 -0.3
v -0.4 2 -0.3
v 0.4 2 -0.3
v 0.5 2 -0.3
v -0.5 2 -0.4
v -0.4 2 -0.4
v -0.3 2 -0.4
v 0.3 2 -0.4
v 0.4 2 -0.4
v 0.5 2 -0.4
v -0.4 2 -0.5
v -0.3 2 -0.5
v -0.2 2 -0.5
v -0.1 2 -0.5
v 0 2 -0.5
v 0.2 2 -0.5
v 0.3 2 -0.5
v 0.4 2 -0.5
v -0.2 2 -0.6
v -0.1 2 -0.6
v 0 2 -0.6
v 0.2 2 -0.6
v -0.3 2.1 0.5
v -0.2 2.1 0.5
v 0.2 2.1 0.5
v 0.3 2.1 0.5
v -0.4 2.1 0.4
v -0.3 2.1 0.4
v -0.2 2.1 0.4
v 0.2 2.1 0.4
v 0.3 2.1 0.4
v 0.4 2.1 0.4
v -0.5 2.1 0.3
v -0.4 2.1 0.3
v -0.3 2.1 0.3
v 0.3 2.1 0.3
v 0.4 2.1 0.3
v 0.5 2.1 0.3
v -0.5 2.1 0.2
v -0.4 2.1 0.2
v 0.4 2.1 0.2
v 0.5 2.1 0.2
v -0.5 2.1 -0.2
v -0.4 2.1 -0.2
v 0.4 2.1 -0.2
v 0.5 2.1 -0.2
v -0.5 2.1 -0.3
v -0.4 2.1 -0.3
v -0.3 2.1 -0.3
v 0.3 2.1 -0.3
v 0.4 2.1 -0.3
v 0.5 2.1 -0.3
v -0.4 2.1 -0.4
v -0.3 2.1 -0.4
v -0.2 2.1 -0.4
v 0.2 2.1 -0.4
v 0.3 2.1 -0.4
v 0.4 2.1 -0.4
v -0.3 2.1 -0.5
v -0.2 2.1 -0.5
v 0.2 2.1 -0.5
v 0.3 2.1 -0.5
v -0.2 2.2 0.5
v -0.1 2.2 0.5
v 0.1 2.2 0.5
v 0.2 2.2 0.5
v -0.3 2.2 0.4
v -0.2 2.2 0.4
v -0.1 2.2 0.4
v 0.1 2.2 0.4
v 0.2 2.2 0.4
v 0.3 2.2 0.4
v -0.4 2.2 0.3
v -0.3 2.2 0.3
v -0.2 2.2 0.3
v 0.2 2.2 0.3
v 0.3 2.2 0.3
v 0.4 2.2 0.3
v -0.5 2.2 0.2
v -0.4 2.2 0.2
v -0.3 2.2 0.2
v 0.3 2.2 0.2
v 0.4 2.2 0.2
v 0.5 2.2 0.2
v 0.4 2.2 0.1
v 0.5 2.2 0.1
v -0.5 2.2 0
v -0.4 2.2 0
v -0.5 2.2 -0.1
v -0.4 2.2 -0.1
v 0.4 2.2 -0.1
v 0.5 2.2 -0.1
v -0.5 2.2 -0.2
v -0.4 2.2 -0.2
v -0.3 2.2 -0.2
v 0.3 2.2 -0.2
v 0.4 2.2 -0.2
v 0.5 2.2 -0.2
v -0.4 2.2 -0.3
v -0.3 2.2 -0.3
v -0.2 2.2 -0.3
v 0.2 2.2 -0.3
v 0.3 2.2 -0.3
v 0.4 2.2 -0.3
v -0.3 2.2 -0.4
v -0.2 2.2 -0.4
v -0.1 2.2 -0.4
v 0 2.2 -0.4
v 0.2 2.2 -0.4
v 0.3 2.2 -0.4
v -0.2 2.2 -0.5
v -0.1 2.2 -0.5
v 0 2.2 -0.5
v 0.2 2.2 -0.5
v -0.2 2.3 0.4
v -0.1 2.3 0.4
v 0.1 2.3 0.4
v 0.2 2.3 0.4
v -0.2 2.3 0.3
v -0.1 2.3 0.3
v 0.1 2.3 0.3
v 0.2 2.3 0.3
v -0.4 2.3 0.2
v -0.3 2.3 0.2
v 0.3 2.3 0.2
v 0.4 2.3 0.2
v -0.4 2.3 0.1
v -0.3 2.3 0.1
v 0.3 2.3 0.1
v 0.4 2.3 0.1
v -0.4 2.3 -0.1
v -0.3 2.3 -0.1
v 0.3 2.3 -0.1
v 0.4 2.3 -0.1
v -0.4 2.3 -0.2
v -0.3 2.3 -0.2
v 0.3 2.3 -0.2
v 0.4 2.3 -0.2
v -0.2 2.3 -0.3
v -0.1 2.3 -0.3
v 0.1 2.3 -0.3
v 0.2 2.3 -0.3
v -0.2 2.3 -0.4
v -0.1 2.3 -0.4
v 0.1 2.3 -0.4
v 0.2 2.3 -0.4
v -0.1 2.4 0.4
v 0 2.4 0.4
v 0.1 2.4 0.4
v -0.3 2.4 0.3
v -0.2 2.4 0.3
v -0.1 2.4 0.3
v 0 2.4 0.3
v 0.1 2.4 0.3
v 0.2 2.4 0.3
v 0.3 2.4 0.3
v -0.3 2.4 0.2
v -0.2 2.4 0.2
v 0.2 2.4 0.2
v 0.3 2.4 0.2
v -0.4 2.4 0.1
v -0.3 2.4 0.1
v 0.3 2.4 0.1
v 0.4 2.4 0.1
v -0.4 2.4 0
v -0.3 2.4 0
v 0.3 2.4 0
v 0.4 2.4 0
v -0.4 2.4 -0.1
v -0.3 2.4 -0.1
v 0.3 2.4 -0.1
v 0.4 2.4 -0.1
v -0.3 2.4 -0.2
v -0.2 2.4 -0.2
v 0.2 2.4 -0.2
v 0.3 2.4 -0.2
v -0.3 2.4 -0.3
v -0.2 2.4 -0.3
v -0.1 2.4 -0.3
v 0.1 2.4 -0.3
v 0.2 2.4 -0.3
v 0.3 2.4 -0.3
v -0.1 2.4 -0.4
v 0.1 2.4 -0.4
v -0.2 2.5 0.3
v -0.1 2.5 0.3
v 0.1 2.5 0.3
v 0.2 2.5 0.3
v -0.3 2.5 0.2
v -0.2 2.5 0.2
v -0.1 2.5 0.2
v 0.1 2.5 0.2
v 0.2 2.5 0.2
v 0.3 2.5 0.2
v -0.3 2.5 0.1
v -0.2 2.5 0.1
v 0.2 2.5 0.1
v 0.3 2.5 0.1
v -0.3 2.5 -0.1
v -0.2 2.5 -0.1
v 0.2 2.5 -0.1
v 0.3 2.5 -0.1
v -0.3 2.5 -0.2
v -0.2 2.5 -0.2
v -0.1 2.5 -0.2
v 0.1 2.5 -0.2
v 0.2 2.5 -0.2
v 0.3 2.5 -0.2
v -0.2 2.5 -0.3
v -0.1 2.5 -0.3
v 0.1 2.5 -0.3
v 0.2 2.5 -0.3
v -0.1 2.6 0.3
v 0.1 2.6 0.3
v -0.1 2.6 0.2
v 0 2.6 0.2
v 0.1 2.6 0.2
v -0.3 2.6 0.1
v -0.2 2.6 0.1
v 0.2 2.6 0.1
v 0.3 2.6 0.1
v 0.2 2.6 0
v 0.3 2.6 0
v -0.3 2.6 -0.1
v -0.2 2.6 -0.1
v 0.2 2.6 -0.1
v 0.3 2.6 -0.1
v -0.1 2.6 -0.2
v 0 2.6 -0.2
v 0.1 2.6 -0.2
v -0.1 2.6 -0.3
v 0 2.6 -0.3
v 0.1 2.6 -0.3
v -0.2 2.7 0.2
v -0.1 2.7 0.2
v 0.1 2.7 0.2
v 0.2 2.7 0.2
v -0.2 2.7 0.1
v -0.1 2.7 0.1
v 0.1 2.7 0.1
v 0.2 2.7 0.1
v -0.2 2.7 -0.1
v -0.1 2.7 -0.1
v 0.1 2.7 -0.1
v 0.2 2.7 -0.1
v -0.2 2.7 -0.2
v -0.1 2.7 -0.2
v 0.1 2.7 -0.2
v 0.2 2.7 -0.2
v -0.1 2.8 0.2
v 0.1 2.8 0.2
v -0.2 2.8 0.1
v -0.1 2.8 0.1
v 0.1 2.8 0.1
v 0.2 2.8 0.1
v -0.2 2.8 0
v -0.1 2.8 0
v 0.1 2.8 0
v 0.2 2.8 0
v -0.2 2.8 -0.1
v -0.1 2.8 -0.1
v 0.1 2.8 -0.1
v 0.2 2.8 -0.1
v -0.1 2.8 -0.2
v 0.1 2.8 -0.2
v -0.1 2.9 0.1
v 0.1 2.9 0.1
v -0.1 2.9 -0.1
v 0.1 2.9 -0.1

# faces
f 3/4/1 2/4/1 1/4/1
f 4/4/1 2/4/1 3/4/1
f 5/4/1 2/4/1 4/4/1
f 6/4/1 2/4/1 5/4/1
f 7/4/1 3/4/1 1/4/1
f 8/5/1 4/5/1 3/5/1
f 8/4/1 3/4/1 7/4/1
f 9/4/1 5/4/1 4/4/1
f 9/5/1 4/5/1 8/5/1
f 10/3/1 6/3/1 5/3/1
f 10/4/1 5/4/1 9/4/1
f 11/4/1 2/4/1 6/4/1
f 11/3/1 6/3/1 10/3/1
f 12/4/1 2/4/1 11/4/1
f 13/4/1 10/4/1 9/4/1
f 13/4/1 9/4/1 8/4/1
f 14/5/1 11/5/1 10/5/1
f 14/4/1 10/4/1 13/4/1
f 15/5/1 11/5/1 14/5/1
f 20/4/1 17/4/1 16/4/1
f 21/4/1 17/4/1 20/4/1
f 22/4/1 17/4/1 21/4/1
f 25/4/1 19/4/1 18/4/1
f 26/4/1 19/4/1 25/4/1
f 27/4/1 19/4/1 26/4/1
f 28/4/1 23/4/1 22/4/1
f 28/4/1 22/4/1 21/4/1
f 29/4/1 23/4/1 28/4/1
f 30/4/1 23/4/1 29/4/1
f 32/4/1 26/4/1 25/4/1
f 32/4/1 25/4/1 24/4/1
f 33/4/1 26/4/1 32/4/1
f 34/4/1 26/4/1 33/4/1
f 35/4/1 26/4/1 34/4/1
f 36/4/1 30/4/1 29/4/1
f 37/5/1 31/5/1 30/5/1
f 37/4/1 30/4/1 36/4/1
f 38/4/1 32/4/1 31/4/1
f 38/5/1 31/5/1 37/5/1
f 38/4/1 33/4/1 32/4/1
f 39/4/1 33/4/1 38/4/1
f 40/5/1 34/5/1 33/5/1
f 40/4/1 33/4/1 39/4/1
f 41/5/1 34/5/1 40/5/1
f 42/5/1 38/5/1 37/5/1
f 43/3/1 39/3/1 38/3/1
f 43/5/1 38/5/1 42/5/1
f 44/3/1 39/3/1 43/3/1
f 49/4/1 46/4/1 45/4/1
f 52/4/1 48/4/1 47/4/1
f 53/4/1 50/4/1 49/4/1
f 53/4/1 49/4/1 45/4/1
f 54/4/1 50/4/1 53/4/1
f 55/4/1 50/4/1 54/4/1
f 58/4/1 52/4/1 51/4/1
f 59/4/1 48/4/1 52/4/1
f 59/4/1 52/4/1 58/4/1
f 60/4/1 48/4/1 59/4/1
f 61/4/1 56/4/1 55/4/1
f 61/4/1 55/4/1 54/4/1
f 62/4/1 56/4/1 61/4/1
f 63/4/1 56/4/1 62/4/1
f 67/4/1 58/4/1 57/4/1
f 67/4/1 59/4/1 58/4/1
f 68/4/1 59/4/1 67/4/1
f 69/4/1 59/4/1 68/4/1
f 70/4/1 64/4/1 63/4/1
f 70/4/1 63/4/1 62/4/1
f 71/4/1 64/4/1 70/4/1
f 72/4/1 64/4/1 71/4/1
f 74/4/1 66/4/1 65/4/1
f 74/4/1 68/4/1 67/4/1
f 74/4/1 67/4/1 66/4/1
f 75/4/1 68/4/1 74/4/1
f 76/4/1 68/4/1 75/4/1
f 77/4/1 73/4/1 72/4/1
f 77/4/1 72/4/1 71/4/1
f 77/4/1 75/4/1 74/4/1
f 77/4/1 74/4/1 73/4/1
f 78/4/1 75/4/1 77/4/1
f 79/4/1 75/4/1 78/4/1
f 80/4/1 75/4/1 79/4/1
f 81/4/1 79/4/1 78/4/1
f 82/4/1 79/4/1 81/4/1
f 87/4/1 84/4/1 83/4/1
f 88/4/1 84/4/1 87/4/1
f 89/5/1 88/5/1 87/5/1
f 90/5/1 88/5/1 89/5/1
f 93/4/1 86/4/1 85/4/1
f 94/4/1 86/4/1 93/4/1
f 95/3/1 91/3/1 90/3/1
f 96/3/1 91/3/1 95/3/1
f 99/4/1 93/4/1 92/4/1
f 100/4/1 93/4/1 99/4/1
f 101/4/1 97/4/1 96/4/1
f 102/4/1 97/4/1 101/4/1
f 105/4/1 99/4/1 98/4/1
f 106/4/1 99/4/1 105/4/1
f 107/3/1 103/3/1 102/3/1
f 108/3/1 103/3/1 107/3/1
f 112/4/1 105/4/1 104/4/1
f 113/4/1 108/4/1 107/4/1
f 114/5/1 109/5/1 108/5/1
f 114/4/1 108/4/1 113/4/1
f 115/4/1 110/4/1 109/4/1
f 115/5/1 109/5/1 114/5/1
f 116/4/1 110/4/1 115/4/1
f 117/4/1 112/4/1 111/4/1
f 118/4/1 112/4/1 117/4/1
f 119/4/1 105/4/1 112/4/1
f 119/4/1 112/4/1 118/4/1
f 120/4/1 116/4/1 115/4/1
f 120/4/1 117/4/1 116/4/1
f 120/4/1 118/4/1 117/4/1
f 121/4/1 118/4/1 120/4/1
f 122/4/1 118/4/1 121/4/1
f 123/4/1 118/4/1 122/4/1
f 124/4/1 118/4/1 123/4/1
f 125/4/1 118/4/1 124/4/1
f 126/4/1 122/4/1 121/4/1
f 127/5/1 123/5/1 122/5/1
f 127/4/1 122/4/1 126/4/1
f 128/4/1 124/4/1 123/4/1
f 128/5/1 123/5/1 127/5/1
f 129/4/1 124/4/1 128/4/1
f 134/4/1 133/4/1 132/4/1
f 135/4/1 133/4/1 134/4/1
f 136/4/1 131/4/1 130/4/1
f 137/3/1 135/3/1 134/3/1
f 138/3/1 135/3/1 137/3/1
f 139/4/1 136/4/1 130/4/1
f 140/4/1 136/4/1 139/4/1
f 143/4/1 138/4/1 137/4/1
f 144/4/1 138/4/1 143/4/1
f 145/4/1 141/4/1 140/4/1
f 146/4/1 141/4/1 145/4/1
f 149/4/1 143/4/1 142/4/1
f 150/4/1 143/4/1 149/4/1
f 151/4/1 147/4/1 146/4/1
f 154/3/1 149/3/1 148/3/1
f 155/3/1 149/3/1 154/3/1
f 156/4/1 152/4/1 151/4/1
f 156/4/1 151/4/1 146/4/1
f 157/4/1 152/4/1 156/4/1
f 158/4/1 152/4/1 157/4/1
f 159/4/1 155/4/1 154/4/1
f 159/4/1 154/4/1 153/4/1
f 160/4/1 155/4/1 159/4/1
f 161/4/1 155/4/1 160/4/1
f 162/4/1 158/4/1 157/4/1
f 163/4/1 158/4/1 162/4/1
f 168/5/1 160/5/1 159/5/1
f 169/5/1 160/5/1 168/5/1
f 170/4/1 164/4/1 163/4/1
f 170/4/1 165/4/1 164/4/1
f 171/4/1 165/4/1 170/4/1
f 172/4/1 165/4/1 171/4/1
f 175/3/1 167/3/1 166/3/1
f 176/4/1 168/4/1 167/4/1
f 176/3/1 167/3/1 175/3/1
f 177/4/1 168/4/1 176/4/1
f 178/5/1 172/5/1 171/5/1
f 179/4/1 173/4/1 172/4/1
f 179/5/1 172/5/1 178/5/1
f 180/4/1 173/4/1 179/4/1
f 183/4/1 175/4/1 174/4/1
f 183/4/1 176/4/1 175/4/1
f 184/4/1 176/4/1 183/4/1
f 185/4/1 176/4/1 184/4/1
f 186/4/1 182/4/1 181/4/1
f 186/4/1 181/4/1 180/4/1
f 186/4/1 184/4/1 183/4/1
f 186/4/1 183/4/1 182/4/1
f 186/4/1 180/4/1 179/4/1
f 187/4/1 184/4/1 186/4/1
f 188/4/1 184/4/1 187/4/1
f 189/4/1 184/4/1 188/4/1
f 190/4/1 184/4/1 189/4/1
f 191/4/1 184/4/1 190/4/1
f 192/3/1 188/3/1 187/3/1
f 193/4/1 189/4/1 188/4/1
f 193/3/1 188/3/1 192/3/1
f 194/5/1 190/5/1 189/5/1
f 194/4/1 189/4/1 193/4/1
f 195/5/1 190/5/1 194/5/1
f 200/4/1 199/4/1 198/4/1
f 201/4/1 197/4/1 196/4/1
f 202/4/1 197/4/1 201/4/1
f 203/4/1 199/4/1 200/4/1
f 204/4/1 199/4/1 203/4/1
f 209/4/1 206/4/1 205/4/1
f 210/4/1 206/4/1 209/4/1
f 213/5/1 208/5/1 207/5/1
f 214/5/1 208/5/1 213/5/1
f 215/4/1 211/4/1 210/4/1
f 216/4/1 211/4/1 215/4/1
f 217/4/1 213/4/1 212/4/1
f 218/4/1 213/4/1 217/4/1
f 223/4/1 220/4/1 219/4/1
f 224/4/1 220/4/1 223/4/1
f 227/4/1 222/4/1 221/4/1
f 228/4/1 222/4/1 227/4/1
f 229/3/1 225/3/1 224/3/1
f 230/3/1 225/3/1 229/3/1
f 233/4/1 227/4/1 226/4/1
f 234/4/1 227/4/1 233/4/1
f 235/4/1 231/4/1 230/4/1
f 238/4/1 233/4/1 232/4/1
f 239/4/1 233/4/1 238/4/1
f 240/4/1 236/4/1 235/4/1
f 240/4/1 235/4/1 230/4/1
f 241/4/1 236/4/1 240/4/1
f 242/4/1 236/4/1 241/4/1
f 245/4/1 238/4/1 237/4/1
f 246/5/1 239/5/1 238/5/1
f 246/4/1 238/4/1 245/4/1
f 247/5/1 239/5/1 246/5/1
f 248/5/1 242/5/1 241/5/1
f 249/4/1 243/4/1 242/4/1
f 249/5/1 242/5/1 248/5/1
f 250/4/1 243/4/1 249/4/1
f 253/4/1 245/4/1 244/4/1
f 253/4/1 246/4/1 245/4/1
f 254/4/1 246/4/1 253/4/1
f 255/4/1 246/4/1 254/4/1
f 256/4/1 252/4/1 251/4/1
f 256/4/1 251/4/1 250/4/1
f 256/4/1 253/4/1 252/4/1
f 256/4/1 250/4/1 249/4/1
f 257/4/1 253/4/1 256/4/1
f 258/4/1 253/4/1 257/4/1
f 259/4/1 253/4/1 258/4/1
f 260/3/1 254/3/1 253/3/1
f 260/4/1 253/4/1 259/4/1
f 261/3/1 254/3/1 260/3/1
f 262/4/1 258/4/1 257/4/1
f 263/5/1 259/5/1 258/5/1
f 263/4/1 258/4/1 262/4/1
f 264/4/1 260/4/1 259/4/1
f 264/5/1 259/5/1 263/5/1
f 265/4/1 260/4/1 264/4/1
f 270/4/1 267/4/1 266/4/1
f 271/4/1 267/4/1 270/4/1
f 272/5/1 269/5/1 268/5/1
f 273/5/1 269/5/1 272/5/1
f 278/4/1 275/4/1 274/4/1
f 279/4/1 275/4/1 278/4/1
f 282/4/1 277/4/1 276/4/1
f 283/4/1 277/4/1 282/4/1
f 284/5/1 280/5/1 279/5/1
f 285/5/1 280/5/1 284/5/1
f 286/4/1 285/4/1 284/4/1
f 287/4/1 285/4/1 286/4/1
f 290/4/1 282/4/1 281/4/1
f 291/4/1 282/4/1 290/4/1
f 292/4/1 288/4/1 287/4/1
f 293/4/1 288/4/1 292/4/1
f 296/4/1 290/4/1 289/4/1
f 297/4/1 290/4/1 296/4/1
f 298/5/1 296/5/1 295/5/1
f 299/5/1 296/5/1 298/5/1
f 300/4/1 294/4/1 293/4/1
f 301/4/1 294/4/1 300/4/1
f 304/4/1 299/4/1 298/4/1
f 305/4/1 299/4/1 304/4/1
f 306/4/1 302/4/1 301/4/1
f 307/4/1 302/4/1 306/4/1
f 310/4/1 304/4/1 303/4/1
f 311/4/1 304/4/1 310/4/1
f 312/4/1 308/4/1 307/4/1
f 315/4/1 310/4/1 309/4/1
f 316/4/1 310/4/1 315/4/1
f 317/4/1 313/4/1 312/4/1
f 317/4/1 312/4/1 307/4/1
f 318/4/1 313/4/1 317/4/1
f 319/4/1 313/4/1 318/4/1
f 323/4/1 315/4/1 314/4/1
f 324/3/1 316/3/1 315/3/1
f 324/4/1 315/4/1 323/4/1
f 325/3/1 316/3/1 324/3/1
f 326/3/1 319/3/1 318/3/1
f 327/4/1 322/4/1 321/4/1
f 327/3/1 319/3/1 326/3/1
f 327/4/1 320/4/1 319/4/1
f 327/4/1 321/4/1 320/4/1
f 328/4/1 322/4/1 327/4/1
f 329/5/1 323/5/1 322/5/1
f 329/4/1 322/4/1 328/4/1
f 330/4/1 324/4/1 323/4/1
f 330/5/1 323/5/1 329/5/1
f 331/4/1 324/4/1 330/4/1
f 332/4/1 328/4/1 327/4/1
f 333/3/1 329/3/1 328/3/1
f 333/4/1 328/4/1 332/4/1
f 334/4/1 330/4/1 329/4/1
f 334/3/1 329/3/1 333/3/1
f 335/4/1 330/4/1 334/4/1
f 340/1/1 337/1/1 336/1/1
f 341/1/1 337/1/1 340/1/1
f 344/4/1 339/4/1 338/4/1
f 345/4/1 339/4/1 344/4/1
f 346/5/1 341/5/1 340/5/1
f 347/5/1 341/5/1 346/5/1
f 348/3/1 345/3/1 344/3/1
f 349/3/1 345/3/1 348/3/1
f 350/4/1 343/4/1 342/4/1
f 351/4/1 343/4/1 350/4/1
f 356/4/1 353/4/1 352/4/1
f 357/4/1 353/4/1 356/4/1
f 358/4/1 355/4/1 354/4/1
f 359/4/1 355/4/1 358/4/1
f 364/4/1 361/4/1 360/4/1
f 365/4/1 361/4/1 364/4/1
f 366/4/1 363/4/1 362/4/1
f 367/4/1 363/4/1 366/4/1
f 372/4/1 369/4/1 368/4/1
f 373/4/1 369/4/1 372/4/1
f 374/5/1 371/5/1 370/5/1
f 375/5/1 371/5/1 374/5/1
f 380/4/1 377/4/1 376/4/1
f 381/4/1 377/4/1 380/4/1
f 384/4/1 379/4/1 378/4/1
f 385/4/1 379/4/1 384/4/1
f 386/5/1 384/5/1 383/5/1
f 387/5/1 384/5/1 386/5/1
f 388/4/1 382/4/1 381/4/1
f 389/4/1 382/4/1 388/4/1
f 392/4/1 387/4/1 386/4/1
f 393/4/1 387/4/1 392/4/1
f 394/4/1 390/4/1 389/4/1
f 395/4/1 390/4/1 394/4/1
f 398/4/1 392/4/1 391/4/1
f 399/4/1 392/4/1 398/4/1
f 400/4/1 396/4/1 395/4/1
f 401/4/1 396/4/1 400/4/1
f 404/4/1 398/4/1 397/4/1
f 405/4/1 398/4/1 404/4/1
f 406/4/1 403/4/1 402/4/1
f 406/4/1 402/4/1 401/4/1
f 407/4/1 403/4/1 406/4/1
f 408/4/1 403/4/1 407/4/1
f 409/3/1 404/3/1 403/3/1
f 409/4/1 403/4/1 408/4/1
f 410/3/1 404/3/1 409/3/1
f 411/5/1 408/5/1 407/5/1
f 412/4/1 409/4/1 408/4/1
f 412/5/1 408/5/1 411/5/1
f 413/4/1 409/4/1 412/4/1
f 418/1/1 415/1/1 414/1/1
f 419/1/1 415/1/1 418/1/1
f 420/1/1 417/1/1 416/1/1
f 421/1/1 417/1/1 420/1/1
f 422/5/1 419/5/1 418/5/1
f 423/5/1 419/5/1 422/5/1
f 424/5/1 421/5/1 420/5/1
f 425/5/1 421/5/1 424/5/1
f 430/4/1 427/4/1 426/4/1
f 431/4/1 427/4/1 430/4/1
f 432/4/1 429/4/1 428/4/1
f 433/4/1 429/4/1 432/4/1
f 440/4/1 435/4/1 434/4/1
f 441/4/1 435/4/1 440/4/1
f 442/4/1 437/4/1 436/4/1
f 443/4/1 437/4/1 442/4/1
f 444/2/1 439/2/1 438/2/1
f 445/2/1 439/2/1 444/2/1
f 450/4/1 447/4/1 446/4/1
f 451/4/1 447/4/1 450/4/1
f 452/4/1 449/4/1 448/4/1
f 453/4/1 449/4/1 452/4/1
f 458/4/1 455/4/1 454/4/1
f 459/4/1 455/4/1 458/4/1
f 462/5/1 457/5/1 456/5/1
f 463/5/1 457/5/1 462/5/1
f 464/4/1 460/4/1 459/4/1
f 465/4/1 460/4/1 464/4/1
f 468/4/1 462/4/1 461/4/1
f 469/4/1 462/4/1 468/4/1
f 470/3/1 466/3/1 465/3/1
f 471/3/1 466/3/1 470/3/1
f 474/4/1 468/4/1 467/4/1
f 475/4/1 471/4/1 470/4/1
f 476/5/1 472/5/1 471/5/1
f 476/4/1 471/4/1 475/4/1
f 477/5/1 472/5/1 476/5/1
f 479/4/1 474/4/1 473/4/1
f 480/4/1 468/4/1 474/4/1
f 480/4/1 474/4/1 479/4/1
f 481/4/1 468/4/1 480/4/1
f 482/5/1 478/5/1 477/5/1
f 482/5/1 477/5/1 476/5/1
f 483/5/1 478/5/1 482/5/1
f 484/4/1 479/4/1 478/4/1
f 484/5/1 478/5/1 483/5/1
f 484/4/1 480/4/1 479/4/1
f 485/4/1 480/4/1 484/4/1
f 486/4/1 480/4/1 485/4/1
f 487/4/1 484/4/1 483/4/1
f 487/4/1 485/4/1 484/4/1
f 488/4/1 485/4/1 487/4/1
f 493/1/1 490/1/1 489/1/1
f 494/1/1 490/1/1 493/1/1
f 495/1/1 492/1/1 491/1/1
f 496/1/1 492/1/1 495/1/1
f 497/5/1 494/5/1 493/5/1
f 498/5/1 494/5/1 497/5/1
f 499/5/1 496/5/1 495/5/1
f 500/5/1 496/5/1 499/5/1
f 505/4/1 502/4/1 501/4/1
f 506/4/1 502/4/1 505/4/1
f 507/5/1 504/5/1 503/5/1
f 508/5/1 504/5/1 507/5/1
f 513/4/1 510/4/1 509/4/1
f 514/4/1 510/4/1 513/4/1
f 515/4/1 512/4/1 511/4/1
f 516/4/1 512/4/1 515/4/1
f 521/4/1 518/4/1 517/4/1
f 522/4/1 518/4/1 521/4/1
f 523/5/1 520/5/1 519/5/1
f 524/5/1 520/5/1 523/5/1
f 530/4/1 526/4/1 525/4/1
f 531/4/1 526/4/1 530/4/1
f 532/3/1 528/3/1 527/3/1
f 533/3/1 528/3/1 532/3/1
f 534/2/1 530/2/1 529/2/1
f 535/2/1 530/2/1 534/2/1
f 540/4/1 537/4/1 536/4/1
f 541/4/1 537/4/1 540/4/1
f 542/4/1 539/4/1 538/4/1
f 543/4/1 539/4/1 542/4/1
f 548/4/1 545/4/1 544/4/1
f 549/4/1 545/4/1 548/4/1
f 550/4/1 547/4/1 546/4/1
f 551/4/1 547/4/1 550/4/1
f 556/4/1 553/4/1 552/4/1
f 557/4/1 553/4/1 556/4/1
f 560/4/1 555/4/1 554/4/1
f 561/4/1 555/4/1 560/4/1
f 562/4/1 558/4/1 557/4/1
f 563/4/1 558/4/1 562/4/1
f 564/4/1 560/4/1 559/4/1
f 565/4/1 560/4/1 564/4/1
f 570/4/1 567/4/1 566/4/1
f 571/4/1 567/4/1 570/4/1
f 574/4/1 569/4/1 568/4/1
f 575/4/1 569/4/1 574/4/1
f 576/4/1 572/4/1 571/4/1
f 577/4/1 574/4/1 573/4/1
f 578/4/1 576/4/1 571/4/1
f 578/4/1 577/4/1 576/4/1
f 579/4/1 577/4/1 578/4/1
f 580/4/1 577/4/1 579/4/1
f 581/4/1 574/4/1 577/4/1
f 581/4/1 577/4/1 580/4/1
f 582/4/1 574/4/1 581/4/1
f 583/4/1 580/4/1 579/4/1
f 584/3/1 581/3/1 580/3/1
f 584/4/1 580/4/1 583/4/1
f 585/3/1 581/3/1 584/3/1
f 590/3/1 587/3/1 586/3/1
f 591/3/1 587/3/1 590/3/1
f 592/4/1 589/4/1 588/4/1
f 593/4/1 589/4/1 592/4/1
f 598/4/1 595/4/1 594/4/1
f 599/4/1 595/4/1 598/4/1
f 600/4/1 597/4/1 596/4/1
f 601/4/1 597/4/1 600/4/1
f 606/4/1 603/4/1 602/4/1
f 607/4/1 603/4/1 606/4/1
f 609/4/1 605/4/1 604/4/1
f 610/4/1 605/4/1 609/4/1
f 611/4/1 608/4/1 607/4/1
f 611/4/1 609/4/1 608/4/1
f 612/4/1 609/4/1 611/4/1
f 615/2/1 614/2/1 613/2/1
f 616/2/1 614/2/1 615/2/1
f 621/5/1 618/5/1 617/5/1
f 622/5/1 618/5/1 621/5/1
f 623/5/1 620/5/1 619/5/1
f 624/5/1 620/5/1 623/5/1
f 627/2/1 626/2/1 625/2/1
f 628/2/1 626/2/1 627/2/1
f 633/5/1 630/5/1 629/5/1
f 634/5/1 630/5/1 633/5/1
f 635/5/1 632/5/1 631/5/1
f 636/5/1 632/5/1 635/5/1
f 639/2/1 638/2/1 637/2/1
f 640/2/1 638/2/1 639/2/1
f 645/5/1 642/5/1 641/5/1
f 646/5/1 642/5/1 645/5/1
f 647/5/1 644/5/1 643/5/1
f 648/5/1 644/5/1 647/5/1
f 651/5/1 650/5/1 649/5/1
f 652/5/1 650/5/1 651/5/1
f 653/5/2 654/5/2 655/5/2
f 655/5/2 654/5/2 656/5/2
f 657/5/2 658/5/2 661/5/2
f 661/5/2 658/5/2 662/5/2
f 659/5/2 660/5/2 663/5/2
f 663/5/2 660/5/2 664/5/2
f 665/5/2 666/5/2 669/5/2
f 669/5/2 666/5/2 670/5/2
f 667/5/2 668/5/2 671/5/2
f 671/5/2 668/5/2 672/5/2
f 673/5/2 674/5/2 677/5/2
f 677/5/2 674/5/2 678/5/2
f 675/5/2 676/5/2 679/5/2
f 679/5/2 676/5/2 680/5/2
f 681/2/2 682/2/2 683/2/2
f 683/2/2 682/2/2 684/2/2
f 685/2/2 686/2/2 687/2/2
f 687/2/2 686/2/2 688/2/2
f 689/4/2 690/4/2 693/4/2
f 693/4/2 690/4/2 694/4/2
f 691/4/2 692/4/2 695/4/2
f 695/4/2 692/4/2 696/4/2
f 697/4/2 698/4/2 701/4/2
f 701/4/2 698/4/2 702/4/2
f 699/5/2 700/5/2 703/5/2
f 703/5/2 700/5/2 704/5/2
f 705/4/2 706/4/2 709/4/2
f 709/4/2 706/4/2 710/4/2
f 707/4/2 708/4/2 712/4/2
f 712/4/2 708/4/2 713/4/2
f 710/4/2 711/4/2 714/4/2
f 711/4/2 712/4/2 714/4/2
f 714/4/2 712/4/2 715/4/2
f 716/1/2 717/1/2 720/1/2
f 720/1/2 717/1/2 721/1/2
f 718/1/2 719/1/2 722/1/2
f 722/1/2 719/1/2 723/1/2
f 720/5/2 721/5/2 724/5/2
f 724/5/2 721/5/2 725/5/2
f 722/5/2 723/5/2 726/5/2
f 726/5/2 723/5/2 727/5/2
f 728/4/2 729/4/2 732/4/2
f 732/4/2 729/4/2 733/4/2
f 730/5/2 731/5/2 734/5/2
f 734/5/2 731/5/2 735/5/2
f 736/4/2 737/4/2 740/4/2
f 740/4/2 737/4/2 741/4/2
f 738/4/2 739/4/2 742/4/2
f 742/4/2 739/4/2 743/4/2
f 744/5/2 745/5/2 746/5/2
f 746/5/2 745/5/2 747/5/2
f 748/3/2 749/3/2 752/3/2
f 752/3/2 749/3/2 753/3/2
f 750/4/2 751/4/2 754/4/2
f 754/4/2 751/4/2 755/4/2
f 756/4/2 757/4/2 760/4/2
f 760/4/2 757/4/2 761/4/2
f 758/5/2 759/5/2 762/5/2
f 762/5/2 759/5/2 763/5/2
f 764/4/2 765/4/2 768/4/2
f 768/4/2 765/4/2 769/4/2
f 766/4/2 767/4/2 770/4/2
f 770/4/2 767/4/2 771/4/2
f 772/4/2 773/4/2 776/4/2
f 776/4/2 773/4/2 777/4/2
f 774/4/2 775/4/2 780/4/2
f 780/4/2 775/4/2 781/4/2
f 777/4/2 778/4/2 782/4/2
f 782/4/2 778/4/2 783/4/2
f 779/4/2 780/4/2 784/4/2
f 784/4/2 780/4/2 785/4/2
f 786/5/2 787/5/2 790/5/2
f 790/5/2 787/5/2 791/5/2
f 788/4/2 789/4/2 794/4/2
f 794/4/2 789/4/2 795/4/2
f 791/4/2 792/4/2 796/4/2
f 793/4/2 794/4/2 798/4/2
f 798/4/2 794/4/2 799/4/2
f 796/4/2 797/4/2 800/4/2
f 791/4/2 796/4/2 800/4/2
f 797/4/2 798/4/2 800/4/2
f 800/4/2 798/4/2 801/4/2
f 801/4/2 798/4/2 802/4/2
f 798/5/2 799/5/2 803/5/2
f 802/4/2 798/4/2 803/4/2
f 803/5/2 799/5/2 804/5/2
f 801/3/2 802/3/2 805/3/2
f 802/4/2 803/4/2 806/4/2
f 805/3/2 802/3/2 806/3/2
f 806/4/2 803/4/2 807/4/2
f 808/1/2 809/1/2 812/1/2
f 812/1/2 809/1/2 813/1/2
f 810/1/2 811/1/2 814/1/2
f 814/1/2 811/1/2 815/1/2
f 812/5/2 813/5/2 816/5/2
f 816/5/2 813/5/2 817/5/2
f 814/5/2 815/5/2 818/5/2
f 818/5/2 815/5/2 819/5/2
f 820/2/2 821/2/2 825/2/2
f 821/4/2 822/4/2 826/4/2
f 825/2/2 821/2/2 826/2/2
f 826/4/2 822/4/2 827/4/2
f 823/4/2 824/4/2 828/4/2
f 828/4/2 824/4/2 829/4/2
f 830/4/2 831/4/2 834/4/2
f 834/4/2 831/4/2 835/4/2
f 832/4/2 833/4/2 836/4/2
f 836/4/2 833/4/2 837/4/2
f 838/4/2 839/4/2 842/4/2
f 842/4/2 839/4/2 843/4/2
f 840/4/2 841/4/2 844/4/2
f 844/4/2 841/4/2 845/4/2
f 846/4/2 847/4/2 850/4/2
f 850/4/2 847/4/2 851/4/2
f 848/5/2 849/5/2 854/5/2
f 854/5/2 849/5/2 855/5/2
f 851/4/2 852/4/2 856/4/2
f 856/4/2 852/4/2 857/4/2
f 853/4/2 854/4/2 860/4/2
f 860/4/2 854/4/2 861/4/2
f 857/4/2 858/4/2 862/4/2
f 859/4/2 860/4/2 865/4/2
f 865/4/2 860/4/2 866/4/2
f 857/4/2 862/4/2 867/4/2
f 862/5/2 863/5/2 868/5/2
f 867/4/2 862/4/2 868/4/2
f 868/5/2 863/5/2 869/5/2
f 864/4/2 865/4/2 871/4/2
f 865/3/2 866/3/2 872/3/2
f 871/4/2 865/4/2 872/4/2
f 872/3/2 866/3/2 873/3/2
f 869/5/2 870/5/2 874/5/2
f 868/5/2 869/5/2 874/5/2
f 874/5/2 870/5/2 875/5/2
f 870/4/2 871/4/2 876/4/2
f 875/5/2 870/5/2 876/5/2
f 871/4/2 872/4/2 876/4/2
f 876/4/2 872/4/2 877/4/2
f 877/4/2 872/4/2 878/4/2
f 875/3/2 876/3/2 879/3/2
f 876/4/2 877/4/2 880/4/2
f 879/3/2 876/3/2 880/3/2
f 880/4/2 877/4/2 881/4/2
f 882/1/2 883/1/2 886/1/2
f 886/1/2 883/1/2 887/1/2
f 884/4/2 885/4/2 890/4/2
f 886/5/2 887/5/2 891/5/2
f 891/5/2 887/5/2 892/5/2
f 884/4/2 890/4/2 893/4/2
f 893/4/2 890/4/2 894/4/2
f 888/4/2 889/4/2 895/4/2
f 895/4/2 889/4/2 896/4/2
f 897/4/2 898/4/2 901/4/2
f 901/4/2 898/4/2 902/4/2
f 899/4/2 900/4/2 903/4/2
f 903/4/2 900/4/2 904/4/2
f 905/4/2 906/4/2 909/4/2
f 909/4/2 906/4/2 910/4/2
f 907/4/2 908/4/2 911/4/2
f 911/4/2 908/4/2 912/4/2
f 909/2/2 910/2/2 913/2/2
f 913/2/2 910/2/2 914/2/2
f 915/4/2 916/4/2 919/4/2
f 919/4/2 916/4/2 920/4/2
f 917/5/2 918/5/2 921/5/2
f 921/5/2 918/5/2 922/5/2
f 923/5/2 924/5/2 927/5/2
f 927/5/2 924/5/2 928/5/2
f 925/4/2 926/4/2 931/4/2
f 931/4/2 926/4/2 932/4/2
f 930/5/2 931/5/2 933/5/2
f 933/5/2 931/5/2 934/5/2
f 928/4/2 929/4/2 935/4/2
f 935/4/2 929/4/2 936/4/2
f 933/4/2 934/4/2 939/4/2
f 939/4/2 934/4/2 940/4/2
f 936/4/2 937/4/2 941/4/2
f 941/4/2 937/4/2 942/4/2
f 938/4/2 939/4/2 945/4/2
f 945/4/2 939/4/2 946/4/2
f 942/4/2 943/4/2 947/4/2
f 947/4/2 943/4/2 948/4/2
f 944/4/2 945/4/2 951/4/2
f 951/4/2 945/4/2 952/4/2
f 949/4/2 950/4/2 953/4/2
f 950/4/2 951/4/2 953/4/2
f 948/4/2 949/4/2 953/4/2
f 953/4/2 951/4/2 954/4/2
f 954/4/2 951/4/2 955/4/2
f 955/4/2 951/4/2 956/4/2
f 956/4/2 951/4/2 957/4/2
f 954/5/2 955/5/2 958/5/2
f 955/4/2 956/4/2 959/4/2
f 958/5/2 955/5/2 959/5/2
f 959/4/2 956/4/2 960/4/2
f 961/4/2 962/4/2 965/4/2
f 965/4/2 962/4/2 966/4/2
f 963/5/2 964/5/2 967/5/2
f 967/5/2 964/5/2 968/5/2
f 969/4/2 970/4/2 973/4/2
f 973/4/2 970/4/2 974/4/2
f 971/4/2 972/4/2 977/4/2
f 977/4/2 972/4/2 978/4/2
f 974/4/2 975/4/2 979/4/2
f 979/4/2 975/4/2 980/4/2
f 979/3/2 980/3/2 981/3/2
f 981/3/2 980/3/2 982/3/2
f 976/4/2 977/4/2 985/4/2
f 985/4/2 977/4/2 986/4/2
f 982/4/2 983/4/2 987/4/2
f 987/4/2 983/4/2 988/4/2
f 984/3/2 985/3/2 991/3/2
f 991/3/2 985/3/2 992/3/2
f 990/5/2 991/5/2 995/5/2
f 995/5/2 991/5/2 996/5/2
f 993/2/2 994/2/2 997/2/2
f 997/2/2 994/2/2 998/2/2
f 988/4/2 989/4/2 999/4/2
f 999/4/2 989/4/2 1000/4/2
f 995/4/2 996/4/2 1003/4/2
f 1003/4/2 996/4/2 1004/4/2
f 1000/4/2 1001/4/2 1005/4/2
f 1005/4/2 1001/4/2 1006/4/2
f 1002/4/2 1003/4/2 1009/4/2
f 1009/4/2 1003/4/2 1010/4/2
f 1006/4/2 1007/4/2 1011/4/2
f 1008/4/2 1009/4/2 1014/4/2
f 1011/4/2 1012/4/2 1015/4/2
f 1006/4/2 1011/4/2 1015/4/2
f 1015/4/2 1012/4/2 1016/4/2
f 1016/4/2 1012/4/2 1017/4/2
f 1013/4/2 1014/4/2 1021/4/2
f 1014/4/2 1009/4/2 1022/4/2
f 1021/4/2 1014/4/2 1022/4/2
f 1022/4/2 1009/4/2 1023/4/2
f 1019/4/2 1020/4/2 1024/4/2
f 1016/4/2 1017/4/2 1024/4/2
f 1017/4/2 1018/4/2 1024/4/2
f 1018/4/2 1019/4/2 1024/4/2
f 1024/4/2 1020/4/2 1025/4/2
f 1025/4/2 1020/4/2 1026/4/2
f 1020/5/2 1021/5/2 1027/5/2
f 1026/4/2 1020/4/2 1027/4/2
f 1021/4/2 1022/4/2 1028/4/2
f 1027/5/2 1021/5/2 1028/5/2
f 1028/4/2 1022/4/2 1029/4/2
f 1025/3/2 1026/3/2 1030/3/2
f 1026/4/2 1027/4/2 1031/4/2
f 1030/3/2 1026/3/2 1031/3/2
f 1027/3/2 1028/3/2 1032/3/2
f 1031/4/2 1027/4/2 1032/4/2
f 1032/3/2 1028/3/2 1033/3/2
f 1034/4/2 1035/4/2 1038/4/2
f 1038/4/2 1035/4/2 1039/4/2
f 1036/4/2 1037/4/2 1040/4/2
f 1040/4/2 1037/4/2 1041/4/2
f 1042/4/2 1043/4/2 1046/4/2
f 1046/4/2 1043/4/2 1047/4/2
f 1044/5/2 1045/5/2 1050/5/2
f 1050/5/2 1045/5/2 1051/5/2
f 1047/4/2 1048/4/2 1052/4/2
f 1052/4/2 1048/4/2 1053/4/2
f 1049/4/2 1050/4/2 1054/4/2
f 1054/4/2 1050/4/2 1055/4/2
f 1056/4/2 1057/4/2 1060/4/2
f 1060/4/2 1057/4/2 1061/4/2
f 1058/4/2 1059/4/2 1064/4/2
f 1064/4/2 1059/4/2 1065/4/2
f 1061/4/2 1062/4/2 1066/4/2
f 1066/4/2 1062/4/2 1067/4/2
f 1063/4/2 1064/4/2 1070/4/2
f 1070/4/2 1064/4/2 1071/4/2
f 1067/4/2 1068/4/2 1072/4/2
f 1069/4/2 1070/4/2 1075/4/2
f 1075/4/2 1070/4/2 1076/4/2
f 1072/4/2 1073/4/2 1079/4/2
f 1067/4/2 1072/4/2 1079/4/2
f 1079/4/2 1073/4/2 1080/4/2
f 1080/4/2 1073/4/2 1081/4/2
f 1074/4/2 1075/4/2 1084/4/2
f 1075/5/2 1076/5/2 1085/5/2
f 1084/4/2 1075/4/2 1085/4/2
f 1085/5/2 1076/5/2 1086/5/2
f 1077/2/2 1078/2/2 1087/2/2
f 1087/2/2 1078/2/2 1088/2/2
f 1080/5/2 1081/5/2 1089/5/2
f 1081/4/2 1082/4/2 1090/4/2
f 1089/5/2 1081/5/2 1090/5/2
f 1090/4/2 1082/4/2 1091/4/2
f 1083/4/2 1084/4/2 1093/4/2
f 1084/4/2 1085/4/2 1093/4/2
f 1093/4/2 1085/4/2 1094/4/2
f 1094/4/2 1085/4/2 1095/4/2
f 1091/4/2 1092/4/2 1096/4/2
f 1090/4/2 1091/4/2 1096/4/2
f 1092/4/2 1093/4/2 1096/4/2
f 1096/4/2 1093/4/2 1097/4/2
f 1097/4/2 1093/4/2 1098/4/2
f 1098/4/2 1093/4/2 1099/4/2
f 1093/3/2 1094/3/2 1100/3/2
f 1099/4/2 1093/4/2 1100/4/2
f 1100/3/2 1094/3/2 1101/3/2
f 1097/4/2 1098/4/2 1102/4/2
f 1098/5/2 1099/5/2 1103/5/2
f 1102/4/2 1098/4/2 1103/4/2
f 1099/4/2 1100/4/2 1104/4/2
f 1103/5/2 1099/5/2 1104/5/2
f 1104/4/2 1100/4/2 1105/4/2
f 1106/4/2 1107/4/2 1110/4/2
f 1110/4/2 1107/4/2 1111/4/2
f 1110/5/2 1111/5/2 1112/5/2
f 1112/5/2 1111/5/2 1113/5/2
f 1108/4/2 1109/4/2 1116/4/2
f 1116/4/2 1109/4/2 1117/4/2
f 1113/4/2 1114/4/2 1118/4/2
f 1118/4/2 1114/4/2 1119/4/2
f 1115/4/2 1116/4/2 1122/4/2
f 1122/4/2 1116/4/2 1123/4/2
f 1119/4/2 1120/4/2 1124/4/2
f 1124/4/2 1120/4/2 1125/4/2
f 1121/4/2 1122/4/2 1128/4/2
f 1124/5/2 1125/5/2 1129/5/2
f 1125/4/2 1126/4/2 1130/4/2
f 1129/5/2 1125/5/2 1130/5/2
f 1130/4/2 1126/4/2 1131/4/2
f 1127/4/2 1128/4/2 1132/4/2
f 1128/4/2 1122/4/2 1133/4/2
f 1132/4/2 1128/4/2 1133/4/2
f 1133/4/2 1122/4/2 1134/4/2
f 1130/3/2 1131/3/2 1135/3/2
f 1135/3/2 1131/3/2 1136/3/2
f 1132/5/2 1133/5/2 1140/5/2
f 1140/5/2 1133/5/2 1141/5/2
f 1137/4/2 1138/4/2 1142/4/2
f 1136/4/2 1137/4/2 1142/4/2
f 1142/4/2 1138/4/2 1143/4/2
f 1143/4/2 1138/4/2 1144/4/2
f 1139/4/2 1140/4/2 1147/4/2
f 1147/4/2 1140/4/2 1148/4/2
f 1148/4/2 1140/4/2 1149/4/2
f 1143/5/2 1144/5/2 1150/5/2
f 1144/4/2 1145/4/2 1151/4/2
f 1150/5/2 1144/5/2 1151/5/2
f 1151/4/2 1145/4/2 1152/4/2
f 1147/4/2 1148/4/2 1155/4/2
f 1146/4/2 1147/4/2 1155/4/2
f 1155/4/2 1148/4/2 1156/4/2
f 1156/4/2 1148/4/2 1157/4/2
f 1153/4/2 1154/4/2 1158/4/2
f 1152/4/2 1153/4/2 1158/4/2
f 1155/4/2 1156/4/2 1158/4/2
f 1154/4/2 1155/4/2 1158/4/2
f 1151/4/2 1152/4/2 1158/4/2
f 1158/4/2 1156/4/2 1159/4/2
f 1159/4/2 1156/4/2 1160/4/2
f 1160/4/2 1156/4/2 1161/4/2
f 1161/4/2 1156/4/2 1162/4/2
f 1159/4/2 1160/4/2 1163/4/2
f 1160/5/2 1161/5/2 1164/5/2
f 1163/4/2 1160/4/2 1164/4/2
f 1164/5/2 1161/5/2 1165/5/2
f 1166/4/2 1167/4/2 1170/4/2
f 1166/4/2 1170/4/2 1171/4/2
f 1166/4/2 1171/4/2 1172/4/2
f 1172/4/2 1171/4/2 1173/4/2
f 1168/4/2 1169/4/2 1176/4/2
f 1176/4/2 1169/4/2 1177/4/2
f 1173/4/2 1174/4/2 1178/4/2
f 1178/4/2 1174/4/2 1179/4/2
f 1175/4/2 1176/4/2 1182/4/2
f 1182/4/2 1176/4/2 1183/4/2
f 1179/4/2 1180/4/2 1184/4/2
f 1184/4/2 1180/4/2 1185/4/2
f 1181/3/2 1182/3/2 1188/3/2
f 1188/3/2 1182/3/2 1189/3/2
f 1185/4/2 1186/4/2 1190/4/2
f 1187/4/2 1188/4/2 1194/4/2
f 1185/4/2 1190/4/2 1195/4/2
f 1190/5/2 1191/5/2 1196/5/2
f 1195/4/2 1190/4/2 1196/4/2
f 1191/4/2 1192/4/2 1197/4/2
f 1196/5/2 1191/5/2 1197/5/2
f 1197/4/2 1192/4/2 1198/4/2
f 1193/4/2 1194/4/2 1201/4/2
f 1201/4/2 1194/4/2 1202/4/2
f 1194/4/2 1188/4/2 1203/4/2
f 1202/4/2 1194/4/2 1203/4/2
f 1197/4/2 1198/4/2 1204/4/2
f 1198/4/2 1199/4/2 1204/4/2
f 1204/4/2 1199/4/2 1205/4/2
f 1199/3/2 1200/3/2 1206/3/2
f 1205/4/2 1199/4/2 1206/4/2
f 1201/4/2 1202/4/2 1207/4/2
f 1206/3/2 1200/3/2 1207/3/2
f 1200/4/2 1201/4/2 1207/4/2
f 1207/4/2 1202/4/2 1208/4/2
f 1208/4/2 1202/4/2 1209/4/2
f 1209/4/2 1202/4/2 1210/4/2
f 1205/4/2 1206/4/2 1211/4/2
f 1206/4/2 1207/4/2 1211/4/2
f 1207/5/2 1208/5/2 1212/5/2
f 1211/4/2 1207/4/2 1212/4/2
f 1208/4/2 1209/4/2 1213/4/2
f 1212/5/2 1208/5/2 1213/5/2
f 1213/4/2 1209/4/2 1214/4/2
f 1215/4/2 1216/4/2 1219/4/2
f 1219/4/2 1216/4/2 1220/4/2
f 1219/5/2 1220/5/2 1221/5/2
f 1221/5/2 1220/5/2 1222/5/2
f 1217/4/2 1218/4/2 1225/4/2
f 1222/4/2 1223/4/2 1226/4/2
f 1221/4/2 1222/4/2 1226/4/2
f 1226/4/2 1223/4/2 1227/4/2
f 1227/4/2 1223/4/2 1228/4/2
f 1224/4/2 1225/4/2 1231/4/2
f 1225/4/2 1218/4/2 1232/4/2
f 1231/4/2 1225/4/2 1232/4/2
f 1232/4/2 1218/4/2 1233/4/2
f 1228/4/2 1229/4/2 1234/4/2
f 1227/4/2 1228/4/2 1234/4/2
f 1234/4/2 1229/4/2 1235/4/2
f 1235/4/2 1229/4/2 1236/4/2
f 1230/4/2 1231/4/2 1241/4/2
f 1231/4/2 1232/4/2 1241/4/2
f 1241/4/2 1232/4/2 1242/4/2
f 1242/4/2 1232/4/2 1243/4/2
f 1237/4/2 1238/4/2 1244/4/2
f 1235/4/2 1236/4/2 1244/4/2
f 1236/4/2 1237/4/2 1244/4/2
f 1244/4/2 1238/4/2 1245/4/2
f 1245/4/2 1238/4/2 1246/4/2
f 1239/4/2 1240/4/2 1247/4/2
f 1241/4/2 1242/4/2 1247/4/2
f 1240/4/2 1241/4/2 1247/4/2
f 1247/4/2 1242/4/2 1248/4/2
f 1248/4/2 1242/4/2 1249/4/2
f 1245/4/2 1246/4/2 1250/4/2
f 1247/4/2 1248/4/2 1250/4/2
f 1246/4/2 1247/4/2 1250/4/2
f 1250/4/2 1248/4/2 1251/4/2
f 1251/4/2 1248/4/2 1252/4/2
f 1252/4/2 1248/4/2 1253/4/2
f 1251/4/2 1252/4/2 1254/4/2
f 1254/4/2 1252/4/2 1255/4/2
f 1258/4/2 1259/4/2 1260/4/2
f 1260/4/2 1259/4/2 1261/4/2
f 1256/4/2 1257/4/2 1262/4/2
f 1262/4/2 1257/4/2 1263/4/2
f 1263/4/2 1257/4/2 1264/4/2
f 1260/3/2 1261/3/2 1267/3/2
f 1261/4/2 1259/4/2 1268/4/2
f 1267/3/2 1261/3/2 1268/3/2
f 1268/4/2 1259/4/2 1269/4/2
f 1264/4/2 1265/4/2 1270/4/2
f 1263/4/2 1264/4/2 1270/4/2
f 1270/4/2 1265/4/2 1271/4/2
f 1271/4/2 1265/4/2 1272/4/2
f 1272/4/2 1265/4/2 1273/4/2
f 1266/4/2 1267/4/2 1275/4/2
f 1267/4/2 1268/4/2 1275/4/2
f 1275/4/2 1268/4/2 1276/4/2
f 1276/4/2 1268/4/2 1277/4/2
f 1277/4/2 1268/4/2 1278/4/2
f 1271/4/2 1272/4/2 1279/4/2
f 1272/3/2 1273/3/2 1280/3/2
f 1279/4/2 1272/4/2 1280/4/2
f 1273/5/2 1274/5/2 1281/5/2
f 1280/3/2 1273/3/2 1281/3/2
f 1274/4/2 1275/4/2 1282/4/2
f 1281/5/2 1274/5/2 1282/5/2
f 1275/4/2 1276/4/2 1282/4/2
f 1282/4/2 1276/4/2 1283/4/2
f 1276/5/2 1277/5/2 1284/5/2
f 1283/4/2 1276/4/2 1284/4/2
f 1284/5/2 1277/5/2 1285/5/2
f 1282/5/2 1283/5/2 1286/5/2
f 1281/5/2 1282/5/2 1286/5/2
f 1286/5/2 1283/5/2 1287/5/2
f 1288/4/2 1289/4/2 1292/4/2
f 1292/4/2 1289/4/2 1293/4/2
f 1288/4/2 1292/4/2 1294/4/2
f 1292/5/2 1293/5/2 1295/5/2
f 1294/4/2 1292/4/2 1295/4/2
f 1293/4/2 1289/4/2 1296/4/2
f 1295/5/2 1293/5/2 1296/5/2
f 1289/3/2 1290/3/2 1297/3/2
f 1296/4/2 1289/4/2 1297/4/2
f 1290/4/2 1291/4/2 1298/4/2
f 1297/3/2 1290/3/2 1298/3/2
f 1298/4/2 1291/4/2 1299/4/2
f 1299/4/2 1291/4/2 1300/4/2
f 1296/4/2 1297/4/2 1301/4/2
f 1295/4/2 1296/4/2 1301/4/2
f 1297/4/2 1298/4/2 1301/4/2
f 1298/5/2 1299/5/2 1302/5/2
f 1301/4/2 1298/4/2 1302/4/2
f 1302/5/2 1299/5/2 1303/5/2
f 1307/4/3 1305/4/3 1304/4/3
f 1307/3/3 1306/3/3 1305/3/3
f 1308/3/3 1306/3/3 1307/3/3
f 1309/4/3 1308/4/3 1307/4/3
f 1311/4/3 1307/4/3 1304/4/3
f 1311/4/3 1310/4/3 1309/4/3
f 1311/4/3 1309/4/3 1307/4/3
f 1312/4/3 1310/4/3 1311/4/3
f 1313/4/3 1311/4/3 1304/4/3
f 1313/5/3 1312/5/3 1311/5/3
f 1314/4/3 1310/4/3 1312/4/3
f 1314/5/3 1312/5/3 1313/5/3
f 1315/4/3 1314/4/3 1313/4/3
f 1315/4/3 1310/4/3 1314/4/3
f 1316/4/3 1310/4/3 1315/4/3
f 1317/4/3 1313/4/3 1304/4/3
f 1317/4/3 1315/4/3 1313/4/3
f 1318/4/3 1315/4/3 1317/4/3
f 1321/4/3 1320/4/3 1319/4/3
f 1323/4/3 1321/4/3 1319/4/3
f 1323/4/3 1322/4/3 1321/4/3
f 1324/4/3 1322/4/3 1323/4/3
f 1325/4/3 1322/4/3 1324/4/3
f 1326/4/3 1322/4/3 1325/4/3
f 1328/5/3 1326/5/3 1325/5/3
f 1329/4/3 1327/4/3 1326/4/3
f 1329/5/3 1326/5/3 1328/5/3
f 1330/4/3 1329/4/3 1328/4/3
f 1331/4/3 1327/4/3 1329/4/3
f 1331/4/3 1329/4/3 1330/4/3
f 1332/4/3 1327/4/3 1331/4/3
f 1334/4/3 1333/4/3 1332/4/3
f 1334/4/3 1332/4/3 1331/4/3
f 1335/4/3 1333/4/3 1334/4/3
f 1336/4/3 1334/4/3 1331/4/3
f 1336/3/3 1335/3/3 1334/3/3
f 1337/3/3 1335/3/3 1336/3/3
f 1339/4/3 1336/4/3 1331/4/3
f 1339/4/3 1337/4/3 1336/4/3
f 1340/4/3 1337/4/3 1339/4/3
f 1341/4/3 1337/4/3 1340/4/3
f 1344/4/3 1339/4/3 1338/4/3
f 1344/4/3 1340/4/3 1339/4/3
f 1345/4/3 1340/4/3 1344/4/3
f 1346/4/3 1340/4/3 1345/4/3
f 1347/4/3 1343/4/3 1342/4/3
f 1347/5/3 1344/5/3 1343/5/3
f 1348/4/3 1345/4/3 1344/4/3
f 1348/5/3 1344/5/3 1347/5/3
f 1349/4/3 1345/4/3 1348/4/3
f 1350/4/3 1347/4/3 1342/4/3
f 1350/4/3 1348/4/3 1347/4/3
f 1351/4/3 1348/4/3 1350/4/3
f 1354/4/3 1353/4/3 1352/4/3
f 1355/4/3 1353/4/3 1354/4/3
f 1356/4/3 1353/4/3 1355/4/3
f 1358/4/3 1357/4/3 1356/4/3
f 1358/4/3 1356/4/3 1355/4/3
f 1359/4/3 1357/4/3 1358/4/3
f 1360/4/3 1357/4/3 1359/4/3
f 1362/4/3 1361/4/3 1360/4/3
f 1362/4/3 1360/4/3 1359/4/3
f 1363/4/3 1361/4/3 1362/4/3
f 1364/4/3 1361/4/3 1363/4/3
f 1368/4/3 1365/4/3 1364/4/3
f 1368/4/3 1364/4/3 1363/4/3
f 1369/4/3 1365/4/3 1368/4/3
f 1370/4/3 1365/4/3 1369/4/3
f 1373/2/3 1367/2/3 1366/2/3
f 1374/2/3 1373/2/3 1372/2/3
f 1374/2/3 1367/2/3 1373/2/3
f 1375/2/3 1367/2/3 1374/2/3
f 1376/4/3 1371/4/3 1370/4/3
f 1376/4/3 1370/4/3 1369/4/3
f 1377/4/3 1371/4/3 1376/4/3
f 1379/2/3 1374/2/3 1372/2/3
f 1380/2/3 1374/2/3 1379/2/3
f 1381/5/3 1377/5/3 1376/5/3
f 1382/2/3 1378/2/3 1377/2/3
f 1382/5/3 1377/5/3 1381/5/3
f 1384/4/3 1382/4/3 1381/4/3
f 1385/4/3 1382/4/3 1384/4/3
f 1386/2/3 1378/2/3 1382/2/3
f 1386/4/3 1382/4/3 1385/4/3
f 1387/4/3 1385/4/3 1384/4/3
f 1387/4/3 1384/4/3 1383/4/3
f 1388/4/3 1385/4/3 1387/4/3
f 1389/2/3 1378/2/3 1386/2/3
f 1389/2/3 1386/2/3 1385/2/3
f 1390/2/3 1378/2/3 1389/2/3
f 1394/5/3 1388/5/3 1387/5/3
f 1395/4/3 1385/4/3 1388/4/3
f 1395/5/3 1388/5/3 1394/5/3
f 1396/2/3 1389/2/3 1385/2/3
f 1396/4/3 1385/4/3 1395/4/3
f 1397/2/3 1389/2/3 1396/2/3
f 1398/2/3 1392/2/3 1391/2/3
f 1401/4/3 1394/4/3 1393/4/3
f 1401/4/3 1395/4/3 1394/4/3
f 1402/4/3 1395/4/3 1401/4/3
f 1403/4/3 1395/4/3 1402/4/3
f 1404/2/3 1398/2/3 1391/2/3
f 1404/2/3 1399/2/3 1398/2/3
f 1405/2/3 1399/2/3 1404/2/3
f 1407/4/3 1402/4/3 1401/4/3
f 1407/4/3 1401/4/3 1400/4/3
f 1408/4/3 1402/4/3 1407/4/3
f 1409/4/3 1402/4/3 1408/4/3
f 1410/2/3 1399/2/3 1405/2/3
f 1411/2/3 1399/2/3 1410/2/3
f 1412/4/3 1407/4/3 1406/4/3
f 1413/5/3 1408/5/3 1407/5/3
f 1413/4/3 1407/4/3 1412/4/3
f 1414/5/3 1408/5/3 1413/5/3
f 1418/4/3 1416/4/3 1415/4/3
f 1419/5/3 1417/5/3 1416/5/3
f 1419/4/3 1416/4/3 1418/4/3
f 1420/5/3 1417/5/3 1419/5/3
f 1422/4/3 1421/4/3 1420/4/3
f 1423/4/3 1421/4/3 1422/4/3
f 1425/4/3 1424/4/3 1423/4/3
f 1426/4/3 1424/4/3 1425/4/3
f 1429/5/3 1427/5/3 1426/5/3
f 1430/4/3 1428/4/3 1427/4/3
f 1430/5/3 1427/5/3 1429/5/3
f 1431/4/3 1428/4/3 1430/4/3
f 1433/4/3 1431/4/3 1430/4/3
f 1433/4/3 1432/4/3 1431/4/3
f 1434/4/3 1432/4/3 1433/4/3
f 1435/4/3 1432/4/3 1434/4/3
f 1437/4/3 1436/4/3 1435/4/3
f 1437/4/3 1435/4/3 1434/4/3
f 1438/4/3 1436/4/3 1437/4/3
f 1439/4/3 1436/4/3 1438/4/3
f 1440/4/3 1439/4/3 1438/4/3
f 1441/4/3 1439/4/3 1440/4/3
f 1442/3/3 1441/3/3 1440/3/3
f 1443/3/3 1441/3/3 1442/3/3
f 1448/4/3 1445/4/3 1444/4/3
f 1449/3/3 1446/3/3 1445/3/3
f 1449/4/3 1445/4/3 1448/4/3
f 1450/3/3 1446/3/3 1449/3/3
f 1452/4/3 1448/4/3 1447/4/3
f 1453/4/3 1448/4/3 1452/4/3
f 1456/4/3 1452/4/3 1451/4/3
f 1457/4/3 1452/4/3 1456/4/3
f 1458/4/3 1455/4/3 1454/4/3
f 1458/4/3 1456/4/3 1455/4/3
f 1459/4/3 1456/4/3 1458/4/3
f 1462/4/3 1461/4/3 1460/4/3
f 1463/4/3 1461/4/3 1462/4/3
f 1464/4/3 1461/4/3 1463/4/3
f 1466/3/3 1465/3/3 1464/3/3
f 1467/3/3 1465/3/3 1466/3/3
f 1469/4/3 1468/4/3 1467/4/3
f 1470/4/3 1468/4/3 1469/4/3
f 1471/4/3 1468/4/3 1470/4/3
f 1473/4/3 1472/4/3 1471/4/3
f 1473/4/3 1471/4/3 1470/4/3
f 1474/4/3 1472/4/3 1473/4/3
f 1475/4/3 1472/4/3 1474/4/3
f 1477/4/3 1476/4/3 1475/4/3
f 1478/4/3 1476/4/3 1477/4/3
f 1480/5/3 1478/5/3 1477/5/3
f 1481/4/3 1479/4/3 1478/4/3
f 1481/5/3 1478/5/3 1480/5/3
f 1482/4/3 1479/4/3 1481/4/3
f 1484/3/3 1482/3/3 1481/3/3
f 1485/4/3 1483/4/3 1482/4/3
f 1485/3/3 1482/3/3 1484/3/3
f 1486/4/3 1483/4/3 1485/4/3
f 1488/4/3 1487/4/3 1486/4/3
f 1488/4/3 1486/4/3 1485/4/3
f 1489/4/3 1487/4/3 1488/4/3
f 1490/5/3 1489/5/3 1488/5/3
f 1491/4/3 1487/4/3 1489/4/3
f 1491/5/3 1489/5/3 1490/5/3
f 1492/4/3 1491/4/3 1490/4/3
f 1494/4/3 1491/4/3 1492/4/3
f 1495/4/3 1487/4/3 1491/4/3
f 1495/4/3 1491/4/3 1494/4/3
f 1496/4/3 1487/4/3 1495/4/3
f 1498/4/3 1494/4/3 1493/4/3
f 1498/4/3 1495/4/3 1494/4/3
f 1499/4/3 1495/4/3 1498/4/3
f 1500/4/3 1495/4/3 1499/4/3
f 1501/4/3 1498/4/3 1497/4/3
f 1501/4/3 1499/4/3 1498/4/3
f 1502/4/3 1499/4/3 1501/4/3
f 1505/4/3 1501/4/3 1497/4/3
f 1506/4/3 1501/4/3 1505/4/3
f 1508/4/3 1504/4/3 1503/4/3
f 1508/4/3 1505/4/3 1504/4/3
f 1509/4/3 1505/4/3 1508/4/3
f 1510/4/3 1505/4/3 1509/4/3
f 1512/4/3 1508/4/3 1507/4/3
f 1513/5/3 1509/5/3 1508/5/3
f 1513/4/3 1508/4/3 1512/4/3
f 1514/5/3 1509/5/3 1513/5/3
f 1518/4/3 1512/4/3 1511/4/3
f 1519/4/3 1512/4/3 1518/4/3
f 1520/4/3 1516/4/3 1515/4/3
f 1521/5/3 1517/5/3 1516/5/3
f 1521/4/3 1516/4/3 1520/4/3
f 1522/4/3 1518/4/3 1517/4/3
f 1522/5/3 1517/5/3 1521/5/3
f 1523/4/3 1518/4/3 1522/4/3
f 1526/4/3 1525/4/3 1524/4/3
f 1527/4/3 1525/4/3 1526/4/3
f 1530/4/3 1529/4/3 1528/4/3
f 1531/4/3 1529/4/3 1530/4/3
f 1533/4/3 1532/4/3 1531/4/3
f 1534/4/3 1532/4/3 1533/4/3
f 1537/4/3 1536/4/3 1535/4/3
f 1538/4/3 1536/4/3 1537/4/3
f 1540/3/3 1539/3/3 1538/3/3
f 1541/3/3 1539/3/3 1540/3/3
f 1543/4/3 1542/4/3 1541/4/3
f 1544/4/3 1542/4/3 1543/4/3
f 1545/4/3 1542/4/3 1544/4/3
f 1547/4/3 1546/4/3 1545/4/3
f 1547/4/3 1545/4/3 1544/4/3
f 1548/4/3 1546/4/3 1547/4/3
f 1549/4/3 1546/4/3 1548/4/3
f 1551/4/3 1550/4/3 1549/4/3
f 1551/4/3 1549/4/3 1548/4/3
f 1552/4/3 1550/4/3 1551/4/3
f 1553/4/3 1550/4/3 1552/4/3
f 1555/4/3 1554/4/3 1553/4/3
f 1555/4/3 1553/4/3 1552/4/3
f 1556/4/3 1554/4/3 1555/4/3
f 1557/5/3 1556/5/3 1555/5/3
f 1558/4/3 1554/4/3 1556/4/3
f 1558/5/3 1556/5/3 1557/5/3
f 1560/4/3 1558/4/3 1557/4/3
f 1561/4/3 1554/4/3 1558/4/3
f 1561/4/3 1558/4/3 1560/4/3
f 1562/4/3 1554/4/3 1561/4/3
f 1564/4/3 1560/4/3 1559/4/3
f 1564/4/3 1561/4/3 1560/4/3
f 1565/4/3 1561/4/3 1564/4/3
f 1566/4/3 1561/4/3 1565/4/3
f 1568/4/3 1564/4/3 1563/4/3
f 1569/5/3 1565/5/3 1564/5/3
f 1569/4/3 1564/4/3 1568/4/3
f 1570/5/3 1565/5/3 1569/5/3
f 1572/4/3 1568/4/3 1567/4/3
f 1572/4/3 1569/4/3 1568/4/3
f 1573/4/3 1569/4/3 1572/4/3
f 1575/4/3 1572/4/3 1571/4/3
f 1576/4/3 1572/4/3 1575/4/3
f 1579/3/3 1575/3/3 1574/3/3
f 1580/3/3 1575/3/3 1579/3/3
f 1582/4/3 1578/4/3 1577/4/3
f 1583/4/3 1578/4/3 1582/4/3
f 1587/4/3 1582/4/3 1581/4/3
f 1588/4/3 1582/4/3 1587/4/3
f 1589/4/3 1586/4/3 1585/4/3
f 1589/4/3 1585/4/3 1584/4/3
f 1590/4/3 1586/4/3 1589/4/3
f 1593/4/3 1592/4/3 1591/4/3
f 1594/4/3 1592/4/3 1593/4/3
f 1597/4/3 1596/4/3 1595/4/3
f 1598/4/3 1596/4/3 1597/4/3
f 1601/3/3 1599/3/3 1598/3/3
f 1602/4/3 1600/4/3 1599/4/3
f 1602/3/3 1599/3/3 1601/3/3
f 1603/4/3 1600/4/3 1602/4/3
f 1605/4/3 1604/4/3 1603/4/3
f 1606/4/3 1604/4/3 1605/4/3
f 1608/4/3 1607/4/3 1606/4/3
f 1609/4/3 1607/4/3 1608/4/3
f 1611/4/3 1610/4/3 1609/4/3
f 1612/4/3 1610/4/3 1611/4/3
f 1614/4/3 1613/4/3 1612/4/3
f 1615/4/3 1613/4/3 1614/4/3
f 1616/4/3 1613/4/3 1615/4/3
f 1618/4/3 1617/4/3 1616/4/3
f 1618/4/3 1616/4/3 1615/4/3
f 1619/4/3 1617/4/3 1618/4/3
f 1620/4/3 1617/4/3 1619/4/3
f 1622/4/3 1621/4/3 1620/4/3
f 1622/4/3 1620/4/3 1619/4/3
f 1623/4/3 1621/4/3 1622/4/3
f 1624/4/3 1622/4/3 1619/4/3
f 1625/3/3 1623/3/3 1622/3/3
f 1625/4/3 1622/4/3 1624/4/3
f 1626/3/3 1623/3/3 1625/3/3
f 1628/3/3 1625/3/3 1624/3/3
f 1629/4/3 1626/4/3 1625/4/3
f 1629/3/3 1625/3/3 1628/3/3
f 1630/4/3 1626/4/3 1629/4/3
f 1632/4/3 1628/4/3 1627/4/3
f 1632/4/3 1629/4/3 1628/4/3
f 1633/4/3 1629/4/3 1632/4/3
f 1634/4/3 1629/4/3 1633/4/3
f 1636/4/3 1632/4/3 1631/4/3
f 1636/4/3 1633/4/3 1632/4/3
f 1637/4/3 1633/4/3 1636/4/3
f 1639/4/3 1636/4/3 1635/4/3
f 1640/4/3 1636/4/3 1639/4/3
f 1642/4/3 1639/4/3 1638/4/3
f 1643/4/3 1639/4/3 1642/4/3
f 1646/4/3 1642/4/3 1641/4/3
f 1647/4/3 1642/4/3 1646/4/3
f 1649/4/3 1645/4/3 1644/4/3
f 1649/4/3 1646/4/3 1645/4/3
f 1650/4/3 1646/4/3 1649/4/3
f 1653/4/3 1649/4/3 1648/4/3
f 1654/4/3 1649/4/3 1653/4/3
f 1655/4/3 1652/4/3 1651/4/3
f 1656/4/3 1652/4/3 1655/4/3
f 1659/4/3 1658/4/3 1657/4/3
f 1660/4/3 1658/4/3 1659/4/3
f 1663/4/3 1662/4/3 1661/4/3
f 1664/4/3 1662/4/3 1663/4/3
f 1667/4/3 1666/4/3 1665/4/3
f 1668/4/3 1666/4/3 1667/4/3
f 1671/5/3 1670/5/3 1669/5/3
f 1672/5/3 1670/5/3 1671/5/3
f 1675/5/3 1674/5/3 1673/5/3
f 1676/5/3 1674/5/3 1675/5/3
f 1678/4/3 1677/4/3 1676/4/3
f 1679/4/3 1677/4/3 1678/4/3
f 1681/4/3 1680/4/3 1679/4/3
f 1682/4/3 1680/4/3 1681/4/3
f 1687/4/3 1683/4/3 1682/4/3
f 1688/4/3 1683/4/3 1687/4/3
f 1690/4/3 1689/4/3 1688/4/3
f 1691/4/3 1689/4/3 1690/4/3
f 1693/4/3 1691/4/3 1690/4/3
f 1693/3/3 1692/3/3 1691/3/3
f 1694/3/3 1692/3/3 1693/3/3
f 1695/4/3 1693/4/3 1690/4/3
f 1695/4/3 1694/4/3 1693/4/3
f 1696/4/3 1694/4/3 1695/4/3
f 1697/4/3 1694/4/3 1696/4/3
f 1698/1/3 1685/1/3 1684/1/3
f 1699/5/3 1686/5/3 1685/5/3
f 1699/1/3 1685/1/3 1698/1/3
f 1700/5/3 1686/5/3 1699/5/3
f 1702/4/3 1696/4/3 1695/4/3
f 1703/4/3 1696/4/3 1702/4/3
f 1705/4/3 1702/4/3 1701/4/3
f 1706/4/3 1702/4/3 1705/4/3
f 1708/4/3 1705/4/3 1704/4/3
f 1709/4/3 1705/4/3 1708/4/3
f 1711/4/3 1708/4/3 1707/4/3
f 1712/4/3 1708/4/3 1711/4/3
f 1715/5/3 1711/5/3 1710/5/3
f 1716/5/3 1711/5/3 1715/5/3
f 1717/5/3 1714/5/3 1713/5/3
f 1718/5/3 1714/5/3 1717/5/3
f 1723/4/3 1720/4/3 1719/4/3
f 1724/4/3 1720/4/3 1723/4/3
f 1727/4/3 1722/4/3 1721/4/3
f 1728/4/3 1722/4/3 1727/4/3
f 1729/4/3 1726/4/3 1725/4/3
f 1730/4/3 1726/4/3 1729/4/3
f 1733/4/3 1732/4/3 1731/4/3
f 1734/4/3 1732/4/3 1733/4/3
f 1737/4/3 1736/4/3 1735/4/3
f 1738/4/3 1736/4/3 1737/4/3
f 1741/4/3 1740/4/3 1739/4/3
f 1742/4/3 1740/4/3 1741/4/3
f 1745/3/3 1744/3/3 1743/3/3
f 1746/3/3 1744/3/3 1745/3/3
f 1751/4/3 1747/4/3 1746/4/3
f 1752/4/3 1747/4/3 1751/4/3
f 1755/1/3 1749/1/3 1748/1/3
f 1756/5/3 1750/5/3 1749/5/3
f 1756/1/3 1749/1/3 1755/1/3
f 1757/5/3 1750/5/3 1756/5/3
f 1758/3/3 1753/3/3 1752/3/3
f 1759/4/3 1754/4/3 1753/4/3
f 1759/3/3 1753/3/3 1758/3/3
f 1760/4/3 1754/4/3 1759/4/3
f 1762/4/3 1761/4/3 1760/4/3
f 1762/4/3 1760/4/3 1759/4/3
f 1763/4/3 1761/4/3 1762/4/3
f 1764/4/3 1761/4/3 1763/4/3
f 1766/5/3 1764/5/3 1763/5/3
f 1768/5/3 1764/5/3 1766/5/3
f 1769/4/3 1765/4/3 1764/4/3
f 1769/5/3 1764/5/3 1768/5/3
f 1770/4/3 1765/4/3 1769/4/3
f 1775/4/3 1768/4/3 1767/4/3
f 1776/5/3 1769/5/3 1768/5/3
f 1776/4/3 1768/4/3 1775/4/3
f 1777/5/3 1769/5/3 1776/5/3
f 1778/1/3 1772/1/3 1771/1/3
f 1779/5/3 1773/5/3 1772/5/3
f 1779/1/3 1772/1/3 1778/1/3
f 1780/5/3 1773/5/3 1779/5/3
f 1782/4/3 1775/4/3 1774/4/3
f 1782/4/3 1776/4/3 1775/4/3
f 1783/4/3 1776/4/3 1782/4/3
f 1785/4/3 1782/4/3 1781/4/3
f 1786/4/3 1782/4/3 1785/4/3
f 1789/4/3 1785/4/3 1784/4/3
f 1790/4/3 1785/4/3 1789/4/3
f 1793/4/3 1788/4/3 1787/4/3
f 1794/4/3 1788/4/3 1793/4/3
f 1797/4/3 1792/4/3 1791/4/3
f 1798/4/3 1792/4/3 1797/4/3
f 1799/4/3 1796/4/3 1795/4/3
f 1800/4/3 1796/4/3 1799/4/3
f 1803/4/3 1802/4/3 1801/4/3
f 1804/4/3 1802/4/3 1803/4/3
f 1807/5/3 1806/5/3 1805/5/3
f 1808/5/3 1806/5/3 1807/5/3
f 1811/4/3 1810/4/3 1809/4/3
f 1812/4/3 1810/4/3 1811/4/3
f 1815/4/3 1814/4/3 1813/4/3
f 1816/4/3 1814/4/3 1815/4/3
f 1819/3/3 1818/3/3 1817/3/3
f 1820/3/3 1818/3/3 1819/3/3
f 1823/4/3 1822/4/3 1821/4/3
f 1824/4/3 1822/4/3 1823/4/3
f 1830/4/3 1826/4/3 1825/4/3
f 1831/4/3 1826/4/3 1830/4/3
f 1833/1/3 1828/1/3 1827/1/3
f 1834/5/3 1829/5/3 1828/5/3
f 1834/1/3 1828/1/3 1833/1/3
f 1835/5/3 1829/5/3 1834/5/3
f 1836/4/3 1832/4/3 1831/4/3
f 1837/4/3 1832/4/3 1836/4/3
f 1840/5/3 1839/5/3 1838/5/3
f 1841/5/3 1839/5/3 1840/5/3
f 1843/4/3 1842/4/3 1841/4/3
f 1844/4/3 1842/4/3 1843/4/3
f 1845/4/3 1842/4/3 1844/4/3
f 1847/3/3 1845/3/3 1844/3/3
f 1848/4/3 1846/4/3 1845/4/3
f 1848/3/3 1845/3/3 1847/3/3
f 1850/4/3 1848/4/3 1847/4/3
f 1851/4/3 1846/4/3 1848/4/3
f 1851/4/3 1848/4/3 1850/4/3
f 1852/4/3 1846/4/3 1851/4/3
f 1854/4/3 1850/4/3 1849/4/3
f 1854/4/3 1851/4/3 1850/4/3
f 1855/4/3 1851/4/3 1854/4/3
f 1861/5/3 1854/5/3 1853/5/3
f 1862/5/3 1854/5/3 1861/5/3
f 1863/1/3 1857/1/3 1856/1/3
f 1864/5/3 1858/5/3 1857/5/3
f 1864/1/3 1857/1/3 1863/1/3
f 1865/5/3 1858/5/3 1864/5/3
f 1867/4/3 1860/4/3 1859/4/3
f 1868/4/3 1860/4/3 1867/4/3
f 1871/3/3 1867/3/3 1866/3/3
f 1872/3/3 1867/3/3 1871/3/3
f 1875/4/3 1870/4/3 1869/4/3
f 1876/4/3 1870/4/3 1875/4/3
f 1879/4/3 1874/4/3 1873/4/3
f 1880/4/3 1874/4/3 1879/4/3
f 1883/4/3 1878/4/3 1877/4/3
f 1884/4/3 1878/4/3 1883/4/3
f 1887/4/3 1882/4/3 1881/4/3
f 1888/4/3 1882/4/3 1887/4/3
f 1891/5/3 1886/5/3 1885/5/3
f 1892/5/3 1886/5/3 1891/5/3
f 1893/4/3 1890/4/3 1889/4/3
f 1894/4/3 1890/4/3 1893/4/3
f 1897/5/3 1896/5/3 1895/5/3
f 1898/5/3 1896/5/3 1897/5/3
f 1901/4/3 1900/4/3 1899/4/3
f 1902/4/3 1900/4/3 1901/4/3
f 1905/4/3 1904/4/3 1903/4/3
f 1906/4/3 1904/4/3 1905/4/3
f 1909/4/3 1907/4/3 1906/4/3
f 1910/4/3 1907/4/3 1909/4/3
f 1913/3/3 1909/3/3 1908/3/3
f 1914/3/3 1909/3/3 1913/3/3
f 1917/3/3 1912/3/3 1911/3/3
f 1918/3/3 1912/3/3 1917/3/3
f 1919/5/3 1916/5/3 1915/5/3
f 1920/5/3 1916/5/3 1919/5/3
f 1923/5/3 1922/5/3 1921/5/3
f 1924/5/3 1922/5/3 1923/5/3
f 1927/5/3 1926/5/3 1925/5/3
f 1928/5/3 1926/5/3 1927/5/3
f 1931/5/3 1930/5/3 1929/5/3
f 1932/5/3 1930/5/3 1931/5/3
f 1935/5/3 1934/5/3 1933/5/3
f 1936/5/3 1934/5/3 1935/5/3
f 1939/5/3 1938/5/3 1937/5/3
f 1940/5/3 1938/5/3 1939/5/3
f 1943/5/3 1942/5/3 1941/5/3
f 1944/5/3 1942/5/3 1943/5/3
f 1947/5/3 1946/5/3 1945/5/3
f 1948/5/3 1946/5/3 1947/5/3
f 1949/2/4 1950/2/4 1952/2/4
f 1952/2/4 1950/2/4 1953/2/4
f 1951/2/4 1952/2/4 1953/2/4
f 1953/2/4 1950/2/4 1954/2/4
f 1951/2/4 1953/2/4 1955/2/4
f 1955/2/4 1953/2/4 1956/2/4
f 1957/2/4 1958/2/4 1959/2/4
f 1957/2/4 1959/2/4 1961/2/4
f 1959/2/4 1960/2/4 1961/2/4
f 1961/2/4 1960/2/4 1962/2/4
f 1962/2/4 1960/2/4 1963/2/4
f 1963/2/4 1960/2/4 1964/2/4
f 1965/5/4 1966/5/4 1967/5/4
f 1967/5/4 1966/5/4 1968/5/4
f 1969/5/4 1970/5/4 1971/5/4
f 1971/5/4 1970/5/4 1972/5/4
f 1973/5/4 1974/5/4 1975/5/4
f 1975/5/4 1974/5/4 1976/5/4
f 1977/5/4 1978/5/4 1979/5/4
f 1979/5/4 1978/5/4 1980/5/4
f 1981/5/4 1982/5/4 1983/5/4
f 1983/5/4 1982/5/4 1984/5/4
f 1985/5/4 1986/5/4 1987/5/4
f 1987/5/4 1986/5/4 1988/5/4
f 1989/5/4 1990/5/4 1991/5/4
f 1991/5/4 1990/5/4 1992/5/4
f 1993/4/4 1994/4/4 1995/4/4
f 1995/4/4 1994/4/4 1996/4/4
f 1997/4/4 1998/4/4 1999/4/4
f 1999/4/4 1998/4/4 2000/4/4
f 2001/3/4 2002/3/4 2003/3/4
f 2003/3/4 2002/3/4 2004/3/4
f 2004/4/4 2005/4/4 2007/4/4
f 2007/4/4 2005/4/4 2008/4/4
f 2006/4/4 2007/4/4 2011/4/4
f 2011/4/4 2007/4/4 2012/4/4
f 2009/4/4 2010/4/4 2015/4/4
f 2015/4/4 2010/4/4 2016/4/4
f 2013/4/4 2014/4/4 2017/4/4
f 2017/4/4 2014/4/4 2018/4/4
f 2019/5/4 2020/5/4 2021/5/4
f 2021/5/4 2020/5/4 2022/5/4
f 2023/3/4 2024/3/4 2025/3/4
f 2025/3/4 2024/3/4 2026/3/4
f 2027/4/4 2028/4/4 2029/4/4
f 2029/4/4 2028/4/4 2030/4/4
f 2031/4/4 2032/4/4 2033/4/4
f 2033/4/4 2032/4/4 2034/4/4
f 2035/5/4 2036/5/4 2037/5/4
f 2037/5/4 2036/5/4 2038/5/4
f 2039/4/4 2040/4/4 2041/4/4
f 2041/4/4 2040/4/4 2042/4/4
f 2043/4/4 2044/4/4 2048/4/4
f 2048/4/4 2044/4/4 2049/4/4
f 2045/1/4 2046/1/4 2051/1/4
f 2046/5/4 2047/5/4 2052/5/4
f 2051/1/4 2046/1/4 2052/1/4
f 2052/5/4 2047/5/4 2053/5/4
f 2049/3/4 2050/3/4 2054/3/4
f 2054/3/4 2050/3/4 2055/3/4
f 2056/4/4 2057/4/4 2058/4/4
f 2058/4/4 2057/4/4 2059/4/4
f 2059/4/4 2060/4/4 2061/4/4
f 2061/4/4 2060/4/4 2062/4/4
f 2062/4/4 2060/4/4 2063/4/4
f 2063/4/4 2064/4/4 2065/4/4
f 2062/4/4 2063/4/4 2065/4/4
f 2065/4/4 2064/4/4 2067/4/4
f 2067/4/4 2064/4/4 2068/4/4
f 2068/4/4 2064/4/4 2069/4/4
f 2066/4/4 2067/4/4 2071/4/4
f 2067/5/4 2068/5/4 2072/5/4
f 2071/4/4 2067/4/4 2072/4/4
f 2072/5/4 2068/5/4 2073/5/4
f 2070/4/4 2071/4/4 2079/4/4
f 2079/4/4 2071/4/4 2080/4/4
f 2074/1/4 2075/1/4 2081/1/4
f 2075/5/4 2076/5/4 2082/5/4
f 2081/1/4 2075/1/4 2082/1/4
f 2082/5/4 2076/5/4 2083/5/4
f 2077/4/4 2078/4/4 2085/4/4
f 2085/4/4 2078/4/4 2086/4/4
f 2084/3/4 2085/3/4 2089/3/4
f 2089/3/4 2085/3/4 2090/3/4
f 2087/4/4 2088/4/4 2093/4/4
f 2093/4/4 2088/4/4 2094/4/4
f 2091/5/4 2092/5/4 2097/5/4
f 2097/5/4 2092/5/4 2098/5/4
f 2095/4/4 2096/4/4 2101/4/4
f 2101/4/4 2096/4/4 2102/4/4
f 2099/4/4 2100/4/4 2105/4/4
f 2105/4/4 2100/4/4 2106/4/4
f 2103/5/4 2104/5/4 2109/5/4
f 2109/5/4 2104/5/4 2110/5/4
f 2107/5/4 2108/5/4 2111/5/4
f 2111/5/4 2108/5/4 2112/5/4
f 2113/4/4 2114/4/4 2115/4/4
f 2115/4/4 2114/4/4 2116/4/4
f 2117/4/4 2118/4/4 2119/4/4
f 2119/4/4 2118/4/4 2120/4/4
f 2121/3/4 2122/3/4 2123/3/4
f 2123/3/4 2122/3/4 2124/3/4
f 2125/4/4 2126/4/4 2127/4/4
f 2127/4/4 2126/4/4 2128/4/4
f 2128/4/4 2129/4/4 2133/4/4
f 2133/4/4 2129/4/4 2134/4/4
f 2130/1/4 2131/1/4 2136/1/4
f 2131/5/4 2132/5/4 2137/5/4
f 2136/1/4 2131/1/4 2137/1/4
f 2137/5/4 2132/5/4 2138/5/4
f 2134/4/4 2135/4/4 2139/4/4
f 2139/4/4 2135/4/4 2140/4/4
f 2140/4/4 2135/4/4 2141/4/4
f 2141/4/4 2142/4/4 2143/4/4
f 2140/4/4 2141/4/4 2143/4/4
f 2143/4/4 2142/4/4 2144/4/4
f 2144/4/4 2142/4/4 2145/4/4
f 2145/4/4 2146/4/4 2147/4/4
f 2144/4/4 2145/4/4 2147/4/4
f 2147/4/4 2146/4/4 2148/4/4
f 2144/4/4 2147/4/4 2150/4/4
f 2147/5/4 2148/5/4 2151/5/4
f 2150/4/4 2147/4/4 2151/4/4
f 2151/5/4 2148/5/4 2152/5/4
f 2149/4/4 2150/4/4 2157/4/4
f 2150/4/4 2151/4/4 2157/4/4
f 2157/4/4 2151/4/4 2158/4/4
f 2158/4/4 2151/4/4 2159/4/4
f 2153/1/4 2154/1/4 2160/1/4
f 2154/5/4 2155/5/4 2161/5/4
f 2160/1/4 2154/1/4 2161/1/4
f 2161/5/4 2155/5/4 2162/5/4
f 2156/4/4 2157/4/4 2164/4/4
f 2157/3/4 2158/3/4 2165/3/4
f 2164/4/4 2157/4/4 2165/4/4
f 2165/3/4 2158/3/4 2166/3/4
f 2163/4/4 2164/4/4 2168/4/4
f 2168/4/4 2164/4/4 2169/4/4
f 2167/4/4 2168/4/4 2172/4/4
f 2172/4/4 2168/4/4 2173/4/4
f 2170/3/4 2171/3/4 2176/3/4
f 2176/3/4 2171/3/4 2177/3/4
f 2174/4/4 2175/4/4 2180/4/4
f 2180/4/4 2175/4/4 2181/4/4
f 2178/4/4 2179/4/4 2182/4/4
f 2182/4/4 2179/4/4 2183/4/4
f 2184/4/4 2185/4/4 2186/4/4
f 2186/4/4 2185/4/4 2187/4/4
f 2188/5/4 2189/5/4 2190/5/4
f 2190/5/4 2189/5/4 2191/5/4
f 2192/4/4 2193/4/4 2194/4/4
f 2194/4/4 2193/4/4 2195/4/4
f 2196/4/4 2197/4/4 2198/4/4
f 2198/4/4 2197/4/4 2199/4/4
f 2200/4/4 2201/4/4 2202/4/4
f 2202/4/4 2201/4/4 2203/4/4
f 2203/4/4 2204/4/4 2206/4/4
f 2204/3/4 2205/3/4 2207/3/4
f 2206/4/4 2204/4/4 2207/4/4
f 2207/3/4 2205/3/4 2208/3/4
f 2208/4/4 2209/4/4 2210/4/4
f 2210/4/4 2209/4/4 2211/4/4
f 2211/4/4 2212/4/4 2216/4/4
f 2216/4/4 2212/4/4 2217/4/4
f 2217/4/4 2218/4/4 2219/4/4
f 2219/4/4 2218/4/4 2220/4/4
f 2219/5/4 2220/5/4 2222/5/4
f 2220/4/4 2221/4/4 2223/4/4
f 2222/5/4 2220/5/4 2223/5/4
f 2222/4/4 2223/4/4 2224/4/4
f 2223/4/4 2221/4/4 2224/4/4
f 2224/4/4 2221/4/4 2225/4/4
f 2213/1/4 2214/1/4 2226/1/4
f 2214/5/4 2215/5/4 2227/5/4
f 2226/1/4 2214/1/4 2227/1/4
f 2227/5/4 2215/5/4 2228/5/4
f 2222/4/4 2224/4/4 2230/4/4
f 2230/4/4 2224/4/4 2231/4/4
f 2229/4/4 2230/4/4 2233/4/4
f 2233/4/4 2230/4/4 2234/4/4
f 2232/4/4 2233/4/4 2237/4/4
f 2237/4/4 2233/4/4 2238/4/4
f 2235/4/4 2236/4/4 2240/4/4
f 2236/4/4 2237/4/4 2240/4/4
f 2240/4/4 2237/4/4 2241/4/4
f 2239/4/4 2240/4/4 2244/4/4
f 2244/4/4 2240/4/4 2245/4/4
f 2242/4/4 2243/4/4 2246/4/4
f 2246/4/4 2243/4/4 2247/4/4
f 2248/4/4 2249/4/4 2252/4/4
f 2252/4/4 2249/4/4 2253/4/4
f 2250/5/4 2251/5/4 2257/5/4
f 2257/5/4 2251/5/4 2258/5/4
f 2255/4/4 2256/4/4 2259/4/4
f 2254/4/4 2255/4/4 2259/4/4
f 2259/4/4 2256/4/4 2260/4/4
f 2261/4/4 2262/4/4 2263/4/4
f 2263/4/4 2262/4/4 2264/4/4
f 2265/4/4 2266/4/4 2267/4/4
f 2267/4/4 2266/4/4 2268/4/4
f 2268/4/4 2269/4/4 2270/4/4
f 2270/4/4 2269/4/4 2271/4/4
f 2271/4/4 2269/4/4 2272/4/4
f 2272/4/4 2273/4/4 2274/4/4
f 2274/4/4 2273/4/4 2275/4/4
f 2275/4/4 2276/4/4 2278/4/4
f 2276/5/4 2277/5/4 2279/5/4
f 2278/4/4 2276/4/4 2279/4/4
f 2279/5/4 2277/5/4 2280/5/4
f 2280/4/4 2281/4/4 2282/4/4
f 2282/4/4 2281/4/4 2283/4/4
f 2283/5/4 2284/5/4 2286/5/4
f 2284/4/4 2285/4/4 2287/4/4
f 2286/5/4 2284/5/4 2287/5/4
f 2287/4/4 2285/4/4 2288/4/4
f 2287/4/4 2288/4/4 2290/4/4
f 2288/5/4 2289/5/4 2291/5/4
f 2290/4/4 2288/4/4 2291/4/4
f 2291/5/4 2289/5/4 2292/5/4
f 2292/4/4 2293/4/4 2294/4/4
f 2291/4/4 2292/4/4 2294/4/4
f 2294/4/4 2293/4/4 2295/4/4
f 2295/4/4 2293/4/4 2296/4/4
f 2294/4/4 2295/4/4 2297/4/4
f 2295/5/4 2296/5/4 2298/5/4
f 2297/4/4 2295/4/4 2298/4/4
f 2298/5/4 2296/5/4 2299/5/4
f 2297/4/4 2298/4/4 2301/4/4
f 2298/4/4 2299/4/4 2301/4/4
f 2301/4/4 2299/4/4 2302/4/4
f 2302/4/4 2299/4/4 2303/4/4
f 2300/4/4 2301/4/4 2305/4/4
f 2301/5/4 2302/5/4 2306/5/4
f 2305/4/4 2301/4/4 2306/4/4
f 2306/5/4 2302/5/4 2307/5/4
f 2304/5/4 2305/5/4 2309/5/4
f 2305/4/4 2306/4/4 2310/4/4
f 2309/5/4 2305/5/4 2310/5/4
f 2310/4/4 2306/4/4 2311/4/4
f 2308/4/4 2309/4/4 2314/4/4
f 2314/4/4 2309/4/4 2315/4/4
f 2312/4/4 2313/4/4 2317/4/4
f 2313/5/4 2314/5/4 2318/5/4
f 2317/4/4 2313/4/4 2318/4/4
f 2318/5/4 2314/5/4 2319/5/4
f 2316/4/4 2317/4/4 2322/4/4
f 2322/4/4 2317/4/4 2323/4/4
f 2320/4/4 2321/4/4 2325/4/4
f 2321/4/4 2322/4/4 2325/4/4
f 2325/4/4 2322/4/4 2326/4/4
f 2324/4/4 2325/4/4 2329/4/4
f 2329/4/4 2325/4/4 2330/4/4
f 2327/4/4 2328/4/4 2331/4/4
f 2331/4/4 2328/4/4 2332/4/4
f 2333/4/4 2334/4/4 2335/4/4
f 2335/4/4 2334/4/4 2336/4/4
f 2337/4/4 2338/4/4 2339/4/4
f 2339/4/4 2338/4/4 2340/4/4
f 2340/4/4 2341/4/4 2342/4/4
f 2342/4/4 2341/4/4 2343/4/4
f 2344/5/4 2345/5/4 2346/5/4
f 2346/5/4 2345/5/4 2347/5/4
f 2347/4/4 2348/4/4 2349/4/4
f 2349/4/4 2348/4/4 2350/4/4
f 2350/5/4 2351/5/4 2353/5/4
f 2351/4/4 2352/4/4 2354/4/4
f 2353/5/4 2351/5/4 2354/5/4
f 2354/4/4 2352/4/4 2355/4/4
f 2355/4/4 2356/4/4 2357/4/4
f 2354/4/4 2355/4/4 2357/4/4
f 2357/4/4 2356/4/4 2358/4/4
f 2358/4/4 2356/4/4 2359/4/4
f 2359/4/4 2360/4/4 2361/4/4
f 2358/4/4 2359/4/4 2361/4/4
f 2361/4/4 2360/4/4 2362/4/4
f 2362/4/4 2360/4/4 2363/4/4
f 2363/4/4 2364/4/4 2365/4/4
f 2362/4/4 2363/4/4 2365/4/4
f 2365/4/4 2364/4/4 2366/4/4
f 2362/4/4 2365/4/4 2367/4/4
f 2365/5/4 2366/5/4 2367/5/4
f 2367/5/4 2366/5/4 2368/5/4
f 2362/4/4 2367/4/4 2369/4/4
f 2367/4/4 2368/4/4 2369/4/4
f 2369/4/4 2368/4/4 2371/4/4
f 2371/4/4 2368/4/4 2372/4/4
f 2372/4/4 2368/4/4 2373/4/4
f 2370/4/4 2371/4/4 2375/4/4
f 2371/4/4 2372/4/4 2375/4/4
f 2375/4/4 2372/4/4 2376/4/4
f 2376/4/4 2372/4/4 2377/4/4
f 2374/4/4 2375/4/4 2379/4/4
f 2375/4/4 2376/4/4 2379/4/4
f 2379/4/4 2376/4/4 2380/4/4
f 2380/4/4 2376/4/4 2381/4/4
f 2378/5/4 2379/5/4 2383/5/4
f 2379/4/4 2380/4/4 2384/4/4
f 2383/5/4 2379/5/4 2384/5/4
f 2384/4/4 2380/4/4 2385/4/4
f 2382/4/4 2383/4/4 2387/4/4
f 2387/4/4 2383/4/4 2388/4/4
f 2386/5/4 2387/5/4 2391/5/4
f 2391/5/4 2387/5/4 2392/5/4
f 2389/3/4 2390/3/4 2394/3/4
f 2394/3/4 2390/3/4 2395/3/4
f 2393/4/4 2394/4/4 2398/4/4
f 2398/4/4 2394/4/4 2399/4/4
f 2396/4/4 2397/4/4 2400/4/4
f 2400/4/4 2397/4/4 2401/4/4
f 2402/4/4 2403/4/4 2404/4/4
f 2404/4/4 2403/4/4 2405/4/4
f 2405/4/4 2406/4/4 2407/4/4
f 2407/4/4 2406/4/4 2408/4/4
f 2408/3/4 2409/3/4 2411/3/4
f 2409/4/4 2410/4/4 2412/4/4
f 2411/3/4 2409/3/4 2412/3/4
f 2412/4/4 2410/4/4 2413/4/4
f 2413/4/4 2414/4/4 2415/4/4
f 2412/4/4 2413/4/4 2415/4/4
f 2415/4/4 2414/4/4 2416/4/4
f 2416/4/4 2417/4/4 2418/4/4
f 2416/4/4 2418/4/4 2420/4/4
f 2418/5/4 2419/5/4 2421/5/4
f 2420/4/4 2418/4/4 2421/4/4
f 2421/5/4 2419/5/4 2422/5/4
f 2422/4/4 2423/4/4 2424/4/4
f 2421/4/4 2422/4/4 2424/4/4
f 2424/4/4 2423/4/4 2425/4/4
f 2425/4/4 2423/4/4 2426/4/4
f 2426/4/4 2427/4/4 2428/4/4
f 2425/4/4 2426/4/4 2428/4/4
f 2428/4/4 2427/4/4 2429/4/4
f 2428/5/4 2429/5/4 2430/5/4
f 2429/4/4 2427/4/4 2431/4/4
f 2430/5/4 2429/5/4 2431/5/4
f 2430/4/4 2431/4/4 2432/4/4
f 2431/4/4 2427/4/4 2432/4/4
f 2432/4/4 2427/4/4 2433/4/4
f 2430/4/4 2432/4/4 2435/4/4
f 2432/5/4 2433/5/4 2436/5/4
f 2435/4/4 2432/4/4 2436/4/4
f 2436/5/4 2433/5/4 2437/5/4
f 2434/4/4 2435/4/4 2439/4/4
f 2435/4/4 2436/4/4 2439/4/4
f 2439/4/4 2436/4/4 2440/4/4
f 2440/4/4 2436/4/4 2441/4/4
f 2438/4/4 2439/4/4 2442/4/4
f 2439/5/4 2440/5/4 2443/5/4
f 2442/4/4 2439/4/4 2443/4/4
f 2443/5/4 2440/5/4 2444/5/4
f 2442/3/4 2443/3/4 2446/3/4
f 2446/3/4 2443/3/4 2447/3/4
f 2445/4/4 2446/4/4 2449/4/4
f 2449/4/4 2446/4/4 2450/4/4
f 2450/4/4 2446/4/4 2451/4/4
f 2448/4/4 2449/4/4 2453/4/4
f 2449/4/4 2450/4/4 2453/4/4
f 2453/4/4 2450/4/4 2454/4/4
f 2452/4/4 2453/4/4 2456/4/4
f 2456/4/4 2453/4/4 2457/4/4
f 2455/4/4 2456/4/4 2458/4/4
f 2458/4/4 2456/4/4 2459/4/4
f 2460/4/4 2461/4/4 2462/4/4
f 2462/4/4 2461/4/4 2463/4/4
f 2463/4/4 2461/4/4 2464/4/4
f 2464/4/4 2461/4/4 2465/4/4
f 2465/4/4 2466/4/4 2467/4/4
f 2467/4/4 2466/4/4 2468/4/4
f 2468/4/4 2469/4/4 2470/4/4
f 2470/4/4 2469/4/4 2471/4/4
f 2471/4/4 2472/4/4 2473/4/4
f 2473/4/4 2472/4/4 2474/4/4
f 2474/4/4 2472/4/4 2475/4/4
f 2474/4/4 2475/4/4 2477/4/4
f 2475/4/4 2476/4/4 2477/4/4
f 2477/4/4 2476/4/4 2478/4/4
f 2478/4/4 2476/4/4 2479/4/4
f 2479/3/4 2480/3/4 2481/3/4
f 2478/4/4 2479/4/4 2481/4/4
f 2481/3/4 2480/3/4 2482/3/4
f 2478/4/4 2481/4/4 2484/4/4
f 2481/4/4 2482/4/4 2484/4/4
f 2484/4/4 2482/4/4 2485/4/4
f 2485/4/4 2482/4/4 2486/4/4
f 2483/4/4 2484/4/4 2487/4/4
f 2484/4/4 2485/4/4 2487/4/4
f 2487/4/4 2485/4/4 2488/4/4
f 2483/4/4 2487/4/4 2490/4/4
f 2489/4/4 2490/4/4 2492/4/4
f 2490/4/4 2487/4/4 2493/4/4
f 2492/4/4 2490/4/4 2493/4/4
f 2491/4/4 2492/4/4 2495/4/4
f 2495/4/4 2492/4/4 2496/4/4
f 2494/4/4 2495/4/4 2498/4/4
f 2498/4/4 2495/4/4 2499/4/4
f 2497/4/4 2498/4/4 2500/4/4
f 2500/4/4 2498/4/4 2501/4/4
f 2502/4/4 2503/4/4 2506/4/4
f 2503/3/4 2504/3/4 2507/3/4
f 2506/4/4 2503/4/4 2507/4/4
f 2504/4/4 2505/4/4 2508/4/4
f 2507/3/4 2504/3/4 2508/3/4
f 2508/4/4 2505/4/4 2509/4/4
f 2508/4/4 2509/4/4 2511/4/4
f 2509/5/4 2510/5/4 2512/5/4
f 2511/4/4 2509/4/4 2512/4/4
f 2512/5/4 2510/5/4 2513/5/4
f 2513/4/4 2514/4/4 2515/4/4
f 2512/4/4 2513/4/4 2515/4/4
f 2515/4/4 2514/4/4 2516/4/4
f 2516/4/4 2514/4/4 2517/4/4
f 2517/4/4 2518/4/4 2519/4/4
f 2516/4/4 2517/4/4 2519/4/4
f 2519/4/4 2518/4/4 2520/4/4
f 2520/4/4 2518/4/4 2521/4/4
f 2520/4/4 2521/4/4 2523/4/4
f 2523/4/4 2521/4/4 2524/4/4
f 2524/4/4 2521/4/4 2526/4/4
f 2521/5/4 2522/5/4 2527/5/4
f 2526/4/4 2521/4/4 2527/4/4
f 2527/5/4 2522/5/4 2528/5/4
f 2525/4/4 2526/4/4 2529/4/4
f 2526/4/4 2527/4/4 2529/4/4
f 2529/4/4 2527/4/4 2530/4/4
f 2529/3/4 2530/3/4 2532/3/4
f 2530/4/4 2527/4/4 2533/4/4
f 2532/3/4 2530/3/4 2533/3/4
f 2533/4/4 2527/4/4 2534/4/4
f 2531/4/4 2532/4/4 2536/4/4
f 2532/4/4 2533/4/4 2536/4/4
f 2536/4/4 2533/4/4 2537/4/4
f 2537/4/4 2533/4/4 2538/4/4
f 2535/4/4 2536/4/4 2540/4/4
f 2536/5/4 2537/5/4 2541/5/4
f 2540/4/4 2536/4/4 2541/4/4
f 2541/5/4 2537/5/4 2542/5/4
f 2539/4/4 2540/4/4 2543/4/4
f 2540/4/4 2541/4/4 2543/4/4
f 2543/4/4 2541/4/4 2544/4/4
f 2545/4/4 2546/4/4 2547/4/4
f 2545/4/4 2547/4/4 2549/4/4
f 2547/5/4 2548/5/4 2550/5/4
f 2549/4/4 2547/4/4 2550/4/4
f 2550/5/4 2548/5/4 2551/5/4
f 2551/4/4 2552/4/4 2553/4/4
f 2550/4/4 2551/4/4 2553/4/4
f 2553/4/4 2552/4/4 2554/4/4
f 2554/4/4 2552/4/4 2555/4/4
f 2555/4/4 2556/4/4 2557/4/4
f 2554/4/4 2555/4/4 2557/4/4
f 2557/4/4 2556/4/4 2558/4/4
f 2558/4/4 2556/4/4 2559/4/4
f 2557/4/4 2558/4/4 2560/4/4
f 2558/3/4 2559/3/4 2560/3/4
f 2560/3/4 2559/3/4 2561/3/4
f 2557/4/4 2560/4/4 2562/4/4
f 2560/4/4 2561/4/4 2562/4/4
f 2562/4/4 2561/4/4 2564/4/4
f 2564/4/4 2561/4/4 2565/4/4
f 2565/4/4 2561/4/4 2566/4/4
f 2563/4/4 2564/4/4 2568/4/4
f 2564/4/4 2565/4/4 2568/4/4
f 2568/4/4 2565/4/4 2569/4/4
f 2569/4/4 2565/4/4 2570/4/4
f 2567/4/4 2568/4/4 2571/4/4
f 2568/5/4 2569/5/4 2571/5/4
f 2571/5/4 2569/5/4 2572/5/4
f 2567/4/4 2571/4/4 2573/4/4
f 2573/4/4 2571/4/4 2574/4/4
f 2575/4/4 2576/4/4 2577/4/4
f 2575/4/4 2577/4/4 2579/4/4
f 2577/5/4 2578/5/4 2579/5/4
f 2579/5/4 2578/5/4 2580/5/4
f 2575/4/4 2579/4/4 2581/4/4
f 2579/4/4 2580/4/4 2581/4/4
f 2581/4/4 2580/4/4 2582/4/4
f 2575/4/4 2581/4/4 2583/4/4
f 2581/5/4 2582/5/4 2583/5/4
f 2583/5/4 2582/5/4 2584/5/4
f 2575/4/4 2583/4/4 2585/4/4
f 2585/4/4 2583/4/4 2586/4/4
f 2590/1/5 2588/1/5 2587/1/5
f 2591/1/5 2588/1/5 2590/1/5
f 2594/1/5 2590/1/5 2589/1/5
f 2594/1/5 2592/1/5 2591/1/5
f 2594/1/5 2591/1/5 2590/1/5
f 2595/1/5 2592/1/5 2594/1/5
f 2597/1/5 2594/1/5 2593/1/5
f 2597/1/5 2596/1/5 2595/1/5
f 2597/1/5 2595/1/5 2594/1/5
f 2598/1/5 2596/1/5 2597/1/5
f 2599/1/5 2596/1/5 2598/1/5
f 2600/1/5 2596/1/5 2599/1/5
f 2601/1/5 2599/1/5 2598/1/5
f 2602/1/5 2599/1/5 2601/1/5
f 2603/1/5 2599/1/5 2602/1/5
f 2604/1/5 2599/1/5 2603/1/5
f 2605/1/5 2603/1/5 2602/1/5
f 2606/1/5 2603/1/5 2605/1/5
f 2610/4/5 2608/4/5 2607/4/5
f 2611/4/5 2608/4/5 2610/4/5
f 2614/4/5 2610/4/5 2609/4/5
f 2614/4/5 2612/4/5 2611/4/5
f 2614/4/5 2611/4/5 2610/4/5
f 2615/4/5 2612/4/5 2614/4/5
f 2616/4/5 2612/4/5 2615/4/5
f 2617/4/5 2612/4/5 2616/4/5
f 2620/4/5 2614/4/5 2613/4/5
f 2620/4/5 2615/4/5 2614/4/5
f 2621/4/5 2615/4/5 2620/4/5
f 2622/5/5 2616/5/5 2615/5/5
f 2622/4/5 2615/4/5 2621/4/5
f 2623/4/5 2618/4/5 2617/4/5
f 2623/5/5 2616/5/5 2622/5/5
f 2623/4/5 2617/4/5 2616/4/5
f 2624/4/5 2618/4/5 2623/4/5
f 2625/4/5 2618/4/5 2624/4/5
f 2628/4/5 2620/4/5 2619/4/5
f 2628/4/5 2621/4/5 2620/4/5
f 2629/4/5 2621/4/5 2628/4/5
f 2630/5/5 2622/5/5 2621/5/5
f 2630/4/5 2621/4/5 2629/4/5
f 2630/5/5 2623/5/5 2622/5/5
f 2630/5/5 2624/5/5 2623/5/5
f 2631/4/5 2626/4/5 2625/4/5
f 2631/5/5 2624/5/5 2630/5/5
f 2631/4/5 2625/4/5 2624/4/5
f 2632/4/5 2626/4/5 2631/4/5
f 2633/4/5 2626/4/5 2632/4/5
f 2636/4/5 2629/4/5 2628/4/5
f 2636/4/5 2628/4/5 2627/4/5
f 2637/4/5 2629/4/5 2636/4/5
f 2638/5/5 2630/5/5 2629/5/5
f 2638/4/5 2629/4/5 2637/4/5
f 2638/5/5 2631/5/5 2630/5/5
f 2638/5/5 2632/5/5 2631/5/5
f 2639/5/5 2632/5/5 2638/5/5
f 2640/5/5 2632/5/5 2639/5/5
f 2641/4/5 2634/4/5 2633/4/5
f 2641/5/5 2632/5/5 2640/5/5
f 2641/4/5 2633/4/5 2632/4/5
f 2642/4/5 2634/4/5 2641/4/5
f 2643/4/5 2634/4/5 2642/4/5
f 2645/5/5 2639/5/5 2638/5/5
f 2645/5/5 2638/5/5 2637/5/5
f 2646/5/5 2639/5/5 2645/5/5
f 2647/5/5 2642/5/5 2641/5/5
f 2647/5/5 2641/5/5 2640/5/5
f 2648/5/5 2642/5/5 2647/5/5
f 2650/4/5 2637/4/5 2636/4/5
f 2650/4/5 2636/4/5 2635/4/5
f 2651/4/5 2637/4/5 2650/4/5
f 2652/5/5 2645/5/5 2637/5/5
f 2652/4/5 2637/4/5 2651/4/5
f 2653/5/5 2645/5/5 2652/5/5
f 2654/5/5 2645/5/5 2653/5/5
f 2655/5/5 2642/5/5 2648/5/5
f 2656/5/5 2642/5/5 2655/5/5
f 2657/4/5 2644/4/5 2643/4/5
f 2657/5/5 2642/5/5 2656/5/5
f 2657/4/5 2643/4/5 2642/4/5
f 2658/4/5 2644/4/5 2657/4/5
f 2659/4/5 2644/4/5 2658/4/5
f 2661/5/5 2652/5/5 2651/5/5
f 2661/5/5 2653/5/5 2652/5/5
f 2662/5/5 2653/5/5 2661/5/5
f 2663/5/5 2658/5/5 2657/5/5
f 2663/5/5 2657/5/5 2656/5/5
f 2664/5/5 2658/5/5 2663/5/5
f 2665/4/5 2660/4/5 2659/4/5
f 2665/4/5 2659/4/5 2658/4/5
f 2666/4/5 2660/4/5 2665/4/5
f 2667/4/5 2665/4/5 2658/4/5
f 2667/3/5 2666/3/5 2665/3/5
f 2668/3/5 2666/3/5 2667/3/5
f 2669/5/5 2661/5/5 2651/5/5
f 2672/5/5 2658/5/5 2664/5/5
f 2673/4/5 2651/4/5 2650/4/5
f 2673/4/5 2650/4/5 2649/4/5
f 2674/4/5 2651/4/5 2673/4/5
f 2675/5/5 2670/5/5 2669/5/5
f 2675/4/5 2651/4/5 2674/4/5
f 2675/5/5 2669/5/5 2651/5/5
f 2676/5/5 2670/5/5 2675/5/5
f 2677/5/5 2670/5/5 2676/5/5
f 2680/5/5 2672/5/5 2671/5/5
f 2681/5/5 2658/5/5 2672/5/5
f 2681/5/5 2672/5/5 2680/5/5
f 2682/4/5 2667/4/5 2658/4/5
f 2682/5/5 2658/5/5 2681/5/5
f 2682/4/5 2668/4/5 2667/4/5
f 2683/4/5 2668/4/5 2682/4/5
f 2684/4/5 2668/4/5 2683/4/5
f 2685/5/5 2678/5/5 2677/5/5
f 2685/5/5 2677/5/5 2676/5/5
f 2688/5/5 2680/5/5 2679/5/5
f 2688/5/5 2681/5/5 2680/5/5
f 2689/4/5 2675/4/5 2674/4/5
f 2689/4/5 2676/4/5 2675/4/5
f 2690/4/5 2676/4/5 2689/4/5
f 2691/5/5 2686/5/5 2685/5/5
f 2691/4/5 2676/4/5 2690/4/5
f 2691/5/5 2685/5/5 2676/5/5
f 2692/5/5 2686/5/5 2691/5/5
f 2693/5/5 2686/5/5 2692/5/5
f 2694/5/5 2688/5/5 2687/5/5
f 2695/5/5 2681/5/5 2688/5/5
f 2695/5/5 2688/5/5 2694/5/5
f 2696/4/5 2683/4/5 2682/4/5
f 2696/5/5 2681/5/5 2695/5/5
f 2696/4/5 2682/4/5 2681/4/5
f 2697/4/5 2683/4/5 2696/4/5
f 2698/4/5 2683/4/5 2697/4/5
f 2699/4/5 2691/4/5 2690/4/5
f 2699/4/5 2692/4/5 2691/4/5
f 2700/4/5 2692/4/5 2699/4/5
f 2701/5/5 2695/5/5 2694/5/5
f 2701/4/5 2692/4/5 2700/4/5
f 2701/5/5 2693/5/5 2692/5/5
f 2701/5/5 2694/5/5 2693/5/5
f 2702/5/5 2695/5/5 2701/5/5
f 2703/5/5 2695/5/5 2702/5/5
f 2704/4/5 2696/4/5 2695/4/5
f 2704/5/5 2695/5/5 2703/5/5
f 2704/4/5 2697/4/5 2696/4/5
f 2705/4/5 2697/4/5 2704/4/5
f 2706/4/5 2697/4/5 2705/4/5
f 2707/4/5 2702/4/5 2701/4/5
f 2707/4/5 2701/4/5 2700/4/5
f 2708/4/5 2702/4/5 2707/4/5
f 2709/5/5 2703/5/5 2702/5/5
f 2709/4/5 2702/4/5 2708/4/5
f 2710/5/5 2703/5/5 2709/5/5
f 2711/5/5 2703/5/5 2710/5/5
f 2712/4/5 2705/4/5 2704/4/5
f 2712/5/5 2703/5/5 2711/5/5
f 2712/4/5 2704/4/5 2703/4/5
f 2713/4/5 2705/4/5 2712/4/5
f 2714/4/5 2705/4/5 2713/4/5
f 2715/4/5 2710/4/5 2709/4/5
f 2715/4/5 2709/4/5 2708/4/5
f 2716/4/5 2710/4/5 2715/4/5
f 2717/5/5 2711/5/5 2710/5/5
f 2717/4/5 2710/4/5 2716/4/5
f 2718/4/5 2713/4/5 2712/4/5
f 2718/5/5 2711/5/5 2717/5/5
f 2718/4/5 2712/4/5 2711/4/5
f 2719/4/5 2713/4/5 2718/4/5
f 2720/4/5 2713/4/5 2719/4/5
f 2721/4/5 2717/4/5 2716/4/5
f 2721/4/5 2719/4/5 2718/4/5
f 2721/4/5 2718/4/5 2717/4/5
f 2722/4/5 2719/4/5 2721/4/5
f 2723/4/5 2719/4/5 2722/4/5
f 2724/4/5 2719/4/5 2723/4/5
f 2725/4/5 2723/4/5 2722/4/5
f 2726/4/5 2723/4/5 2725/4/5
f 2730/5/5 2728/5/5 2727/5/5
f 2731/5/5 2728/5/5 2730/5/5
f 2734/5/5 2730/5/5 2729/5/5
f 2734/5/5 2732/5/5 2731/5/5
f 2734/5/5 2731/5/5 2730/5/5
f 2735/5/5 2732/5/5 2734/5/5
f 2736/5/5 2732/5/5 2735/5/5
f 2737/5/5 2732/5/5 2736/5/5
f 2740/5/5 2734/5/5 2733/5/5
f 2740/5/5 2735/5/5 2734/5/5
f 2741/5/5 2735/5/5 2740/5/5
f 2742/5/5 2735/5/5 2741/5/5
f 2743/5/5 2737/5/5 2736/5/5
f 2743/5/5 2738/5/5 2737/5/5
f 2744/5/5 2738/5/5 2743/5/5
f 2745/5/5 2738/5/5 2744/5/5
f 2747/5/5 2741/5/5 2740/5/5
f 2747/5/5 2740/5/5 2739/5/5
f 2748/5/5 2741/5/5 2747/5/5
f 2749/5/5 2746/5/5 2745/5/5
f 2749/5/5 2745/5/5 2744/5/5
f 2750/5/5 2746/5/5 2749/5/5
f 2751/5/5 2747/5/5 2739/5/5
f 2754/5/5 2746/5/5 2750/5/5
f 2755/5/5 2752/5/5 2751/5/5
f 2755/5/5 2751/5/5 2739/5/5
f 2756/5/5 2752/5/5 2755/5/5
f 2757/5/5 2752/5/5 2756/5/5
f 2760/5/5 2754/5/5 2753/5/5
f 2761/5/5 2746/5/5 2754/5/5
f 2761/5/5 2754/5/5 2760/5/5
f 2762/5/5 2746/5/5 2761/5/5
f 2763/5/5 2758/5/5 2757/5/5
f 2763/5/5 2757/5/5 2756/5/5
f 2764/5/5 2758/5/5 2763/5/5
f 2765/5/5 2758/5/5 2764/5/5
f 2766/5/5 2760/5/5 2759/5/5
f 2766/5/5 2761/5/5 2760/5/5
f 2767/5/5 2761/5/5 2766/5/5
f 2768/5/5 2761/5/5 2767/5/5
f 2769/5/5 2765/5/5 2764/5/5
f 2769/5/5 2767/5/5 2766/5/5
f 2769/5/5 2766/5/5 2765/5/5
f 2770/5/5 2767/5/5 2769/5/5
f 2771/5/5 2767/5/5 2770/5/5
f 2772/5/5 2767/5/5 2771/5/5
f 2773/5/5 2771/5/5 2770/5/5
f 2774/5/5 2771/5/5 2773/5/5
f 2779/2/5 2776/2/5 2775/2/5
f 2780/2/5 2776/2/5 2779/2/5
f 2781/2/5 2778/2/5 2777/2/5
f 2782/2/5 2778/2/5 2781/2/5
f 2787/2/5 2784/2/5 2783/2/5
f 2788/2/5 2784/2/5 2787/2/5
f 2789/2/5 2786/2/5 2785/2/5
f 2790/2/5 2786/2/5 2789/2/5
f 2791/3/6 2792/3/6 2798/3/6
f 2792/4/6 2793/4/6 2799/4/6
f 2798/3/6 2792/3/6 2799/3/6
f 2799/4/6 2793/4/6 2800/4/6
f 2794/4/6 2795/4/6 2801/4/6
f 2801/4/6 2795/4/6 2802/4/6
f 2796/4/6 2797/4/6 2805/4/6
f 2805/4/6 2797/4/6 2806/4/6
f 2803/4/6 2804/4/6 2807/4/6
f 2807/4/6 2804/4/6 2808/4/6
f 2809/4/6 2810/4/6 2813/4/6
f 2813/4/6 2810/4/6 2814/4/6
f 2811/4/6 2812/4/6 2815/4/6
f 2815/4/6 2812/4/6 2816/4/6
f 2817/4/6 2818/4/6 2821/4/6
f 2821/4/6 2818/4/6 2822/4/6
f 2819/4/6 2820/4/6 2823/4/6
f 2823/4/6 2820/4/6 2824/4/6
f 2825/4/6 2826/4/6 2829/4/6
f 2829/4/6 2826/4/6 2830/4/6
f 2827/4/6 2828/4/6 2831/4/6
f 2831/4/6 2828/4/6 2832/4/6
f 2833/4/6 2834/4/6 2837/4/6
f 2837/4/6 2834/4/6 2838/4/6
f 2835/4/6 2836/4/6 2839/4/6
f 2839/4/6 2836/4/6 2840/4/6
f 2841/4/6 2842/4/6 2845/4/6
f 2845/4/6 2842/4/6 2846/4/6
f 2843/4/6 2844/4/6 2851/4/6
f 2851/4/6 2844/4/6 2852/4/6
f 2847/4/6 2848/4/6 2853/4/6
f 2853/4/6 2848/4/6 2854/4/6
f 2849/4/6 2850/4/6 2855/4/6
f 2855/4/6 2850/4/6 2856/4/6
f 2857/4/6 2858/4/6 2861/4/6
f 2861/4/6 2858/4/6 2862/4/6
f 2859/4/6 2860/4/6 2867/4/6
f 2867/4/6 2860/4/6 2868/4/6
f 2863/4/6 2864/4/6 2869/4/6
f 2869/4/6 2864/4/6 2870/4/6
f 2865/4/6 2866/4/6 2874/4/6
f 2874/4/6 2866/4/6 2875/4/6
f 2871/5/6 2872/5/6 2876/5/6
f 2876/5/6 2872/5/6 2877/5/6
f 2873/5/6 2874/5/6 2880/5/6
f 2880/5/6 2874/5/6 2881/5/6
f 2877/4/6 2878/4/6 2882/4/6
f 2882/4/6 2878/4/6 2883/4/6
f 2879/4/6 2880/4/6 2885/4/6
f 2885/4/6 2880/4/6 2886/4/6
f 2883/4/6 2884/4/6 2887/4/6
f 2887/4/6 2884/4/6 2888/4/6
f 2889/4/6 2890/4/6 2893/4/6
f 2893/4/6 2890/4/6 2894/4/6
f 2891/4/6 2892/4/6 2895/4/6
f 2895/4/6 2892/4/6 2896/4/6
f 2897/4/6 2898/4/6 2901/4/6
f 2901/4/6 2898/4/6 2902/4/6
f 2899/4/6 2900/4/6 2903/4/6
f 2903/4/6 2900/4/6 2904/4/6
f 2901/5/6 2902/5/6 2905/5/6
f 2905/5/6 2902/5/6 2906/5/6
f 2903/5/6 2904/5/6 2907/5/6
f 2907/5/6 2904/5/6 2908/5/6
f 2909/4/6 2910/4/6 2913/4/6
f 2913/4/6 2910/4/6 2914/4/6
f 2911/4/6 2912/4/6 2915/4/6
f 2915/4/6 2912/4/6 2916/4/6
f 2917/4/6 2918/4/6 2921/4/6
f 2921/4/6 2918/4/6 2922/4/6
f 2919/4/6 2920/4/6 2925/4/6
f 2925/4/6 2920/4/6 2926/4/6
f 2922/4/6 2923/4/6 2927/4/6
f 2927/4/6 2923/4/6 2928/4/6
f 2924/4/6 2925/4/6 2931/4/6
f 2931/4/6 2925/4/6 2932/4/6
f 2928/4/6 2929/4/6 2933/4/6
f 2933/4/6 2929/4/6 2934/4/6
f 2930/4/6 2931/4/6 2939/4/6
f 2939/4/6 2931/4/6 2940/4/6
f 2935/5/6 2936/5/6 2941/5/6
f 2941/5/6 2936/5/6 2942/5/6
f 2937/5/6 2938/5/6 2947/5/6
f 2947/5/6 2938/5/6 2948/5/6
f 2943/5/6 2944/5/6 2949/5/6
f 2944/4/6 2945/4/6 2950/4/6
f 2949/5/6 2944/5/6 2950/5/6
f 2945/5/6 2946/5/6 2951/5/6
f 2950/4/6 2945/4/6 2951/4/6
f 2951/5/6 2946/5/6 2952/5/6
f 2953/4/6 2954/4/6 2959/4/6
f 2959/4/6 2954/4/6 2960/4/6
f 2955/4/6 2956/4/6 2961/4/6
f 2961/4/6 2956/4/6 2962/4/6
f 2962/4/6 2956/4/6 2963/4/6
f 2957/4/6 2958/4/6 2967/4/6
f 2967/4/6 2958/4/6 2968/4/6
f 2964/4/6 2965/4/6 2969/4/6
f 2969/4/6 2965/4/6 2970/4/6
f 2966/4/6 2967/4/6 2973/4/6
f 2973/4/6 2967/4/6 2974/4/6
f 2970/4/6 2971/4/6 2975/4/6
f 2975/4/6 2971/4/6 2976/4/6
f 2972/3/6 2973/3/6 2979/3/6
f 2979/3/6 2973/3/6 2980/3/6
f 2976/4/6 2977/4/6 2981/4/6
f 2981/4/6 2977/4/6 2982/4/6
f 2978/4/6 2979/4/6 2984/4/6
f 2984/4/6 2979/4/6 2985/4/6
f 2982/4/6 2983/4/6 2986/4/6
f 2986/4/6 2983/4/6 2987/4/6
f 2990/4/6 2991/4/6 2992/4/6
f 2992/4/6 2991/4/6 2993/4/6
f 2988/4/6 2989/4/6 2994/4/6
f 2994/4/6 2989/4/6 2995/4/6
f 2992/3/6 2993/3/6 2996/3/6
f 2996/3/6 2993/3/6 2997/3/6
f 2998/4/6 2999/4/6 3002/4/6
f 3002/4/6 2999/4/6 3003/4/6
f 3000/4/6 3001/4/6 3004/4/6
f 3004/4/6 3001/4/6 3005/4/6
f 3002/5/6 3003/5/6 3006/5/6
f 3006/5/6 3003/5/6 3007/5/6
f 3004/5/6 3005/5/6 3008/5/6
f 3008/5/6 3005/5/6 3009/5/6
f 3010/4/6 3011/4/6 3014/4/6
f 3014/4/6 3011/4/6 3015/4/6
f 3012/4/6 3013/4/6 3018/4/6
f 3018/4/6 3013/4/6 3019/4/6
f 3015/4/6 3016/4/6 3020/4/6
f 3020/4/6 3016/4/6 3021/4/6
f 3017/4/6 3018/4/6 3024/4/6
f 3024/4/6 3018/4/6 3025/4/6
f 3021/4/6 3022/4/6 3026/4/6
f 3026/4/6 3022/4/6 3027/4/6
f 3023/4/6 3024/4/6 3030/4/6
f 3030/4/6 3024/4/6 3031/4/6
f 3027/5/6 3028/5/6 3032/5/6
f 3032/5/6 3028/5/6 3033/5/6
f 3029/5/6 3030/5/6 3039/5/6
f 3039/5/6 3030/5/6 3040/5/6
f 3034/4/6 3035/4/6 3041/4/6
f 3041/4/6 3035/4/6 3042/4/6
f 3037/4/6 3038/4/6 3043/4/6
f 3036/4/6 3037/4/6 3043/4/6
f 3043/4/6 3038/4/6 3044/4/6
f 3045/4/6 3046/4/6 3051/4/6
f 3046/3/6 3047/3/6 3052/3/6
f 3051/4/6 3046/4/6 3052/4/6
f 3047/4/6 3048/4/6 3053/4/6
f 3052/3/6 3047/3/6 3053/3/6
f 3053/4/6 3048/4/6 3054/4/6
f 3049/4/6 3050/4/6 3058/4/6
f 3058/4/6 3050/4/6 3059/4/6
f 3055/4/6 3056/4/6 3060/4/6
f 3060/4/6 3056/4/6 3061/4/6
f 3057/4/6 3058/4/6 3063/4/6
f 3063/4/6 3058/4/6 3064/4/6
f 3061/4/6 3062/4/6 3065/4/6
f 3065/4/6 3062/4/6 3066/4/6
f 3067/4/6 3068/4/6 3072/4/6
f 3072/4/6 3068/4/6 3073/4/6
f 3069/4/6 3070/4/6 3074/4/6
f 3074/4/6 3070/4/6 3075/4/6
f 3071/4/6 3072/4/6 3077/4/6
f 3077/4/6 3072/4/6 3078/4/6
f 3075/4/6 3076/4/6 3079/4/6
f 3079/4/6 3076/4/6 3080/4/6
f 3081/5/6 3082/5/6 3085/5/6
f 3085/5/6 3082/5/6 3086/5/6
f 3085/3/6 3086/3/6 3087/3/6
f 3087/3/6 3086/3/6 3088/3/6
f 3083/5/6 3084/5/6 3089/5/6
f 3089/5/6 3084/5/6 3090/5/6
f 3091/4/6 3092/4/6 3095/4/6
f 3095/4/6 3092/4/6 3096/4/6
f 3093/4/6 3094/4/6 3099/4/6
f 3099/4/6 3094/4/6 3100/4/6
f 3096/4/6 3097/4/6 3101/4/6
f 3101/4/6 3097/4/6 3102/4/6
f 3098/3/6 3099/3/6 3103/3/6
f 3103/3/6 3099/3/6 3104/3/6
f 3105/4/6 3106/4/6 3109/4/6
f 3109/4/6 3106/4/6 3110/4/6
f 3107/4/6 3108/4/6 3113/4/6
f 3113/4/6 3108/4/6 3114/4/6
f 3110/4/6 3111/4/6 3115/4/6
f 3115/4/6 3111/4/6 3116/4/6
f 3112/4/6 3113/4/6 3121/4/6
f 3121/4/6 3113/4/6 3122/4/6
f 3117/4/6 3118/4/6 3123/4/6
f 3118/3/6 3119/3/6 3124/3/6
f 3123/4/6 3118/4/6 3124/4/6
f 3119/4/6 3120/4/6 3125/4/6
f 3124/3/6 3119/3/6 3125/3/6
f 3125/4/6 3120/4/6 3126/4/6
f 3127/4/6 3128/4/6 3129/4/6
f 3129/4/6 3128/4/6 3130/4/6
f 3131/4/6 3132/4/6 3135/4/6
f 3135/4/6 3132/4/6 3136/4/6
f 3133/5/6 3134/5/6 3137/5/6
f 3137/5/6 3134/5/6 3138/5/6
f 3139/4/6 3140/4/6 3143/4/6
f 3141/4/6 3142/4/6 3144/4/6
f 3139/4/6 3143/4/6 3145/4/6
f 3145/4/6 3143/4/6 3146/4/6
f 3144/4/6 3142/4/6 3147/4/6
f 3147/4/6 3142/4/6 3148/4/6
f 3149/4/6 3150/4/6 3153/4/6
f 3153/4/6 3150/4/6 3154/4/6
f 3151/4/6 3152/4/6 3155/4/6
f 3155/4/6 3152/4/6 3156/4/6
f 3157/4/6 3158/4/6 3161/4/6
f 3161/4/6 3158/4/6 3162/4/6
f 3159/4/6 3160/4/6 3163/4/6
f 3163/4/6 3160/4/6 3164/4/6
f 3165/4/6 3166/4/6 3169/4/6
f 3169/4/6 3166/4/6 3170/4/6
f 3167/4/6 3168/4/6 3171/4/6
f 3171/4/6 3168/4/6 3172/4/6
f 3173/4/6 3174/4/6 3179/4/6
f 3179/4/6 3174/4/6 3180/4/6
f 3175/2/6 3176/2/6 3181/2/6
f 3181/2/6 3176/2/6 3182/2/6
f 3177/4/6 3178/4/6 3185/4/6
f 3185/4/6 3178/4/6 3186/4/6
f 3186/4/6 3178/4/6 3187/4/6
f 3181/3/6 3182/3/6 3188/3/6
f 3182/3/6 3183/3/6 3188/3/6
f 3188/3/6 3183/3/6 3189/3/6
f 3184/4/6 3185/4/6 3192/4/6
f 3192/4/6 3185/4/6 3193/4/6
f 3189/4/6 3190/4/6 3194/4/6
f 3194/4/6 3190/4/6 3195/4/6
f 3191/4/6 3192/4/6 3198/4/6
f 3198/4/6 3192/4/6 3199/4/6
f 3195/3/6 3196/3/6 3200/3/6
f 3200/3/6 3196/3/6 3201/3/6
f 3197/4/6 3198/4/6 3203/4/6
f 3203/4/6 3198/4/6 3204/4/6
f 3201/4/6 3202/4/6 3205/4/6
f 3205/4/6 3202/4/6 3206/4/6
f 3203/5/6 3204/5/6 3207/5/6
f 3207/5/6 3204/5/6 3208/5/6
f 3205/5/6 3206/5/6 3209/5/6
f 3209/5/6 3206/5/6 3210/5/6
f 3213/4/6 3214/4/6 3215/4/6
f 3215/4/6 3214/4/6 3216/4/6
f 3211/4/6 3212/4/6 3217/4/6
f 3217/4/6 3212/4/6 3218/4/6
f 3216/4/6 3214/4/6 3219/4/6
f 3219/4/6 3214/4/6 3220/4/6
f 3221/4/6 3222/4/6 3225/4/6
f 3221/4/6 3225/4/6 3226/4/6
f 3226/4/6 3225/4/6 3227/4/6
f 3223/4/6 3224/4/6 3230/4/6
f 3230/4/6 3224/4/6 3231/4/6
f 3227/5/6 3228/5/6 3232/5/6
f 3232/5/6 3228/5/6 3233/5/6
f 3229/5/6 3230/5/6 3236/5/6
f 3236/5/6 3230/5/6 3237/5/6
f 3233/4/6 3234/4/6 3238/4/6
f 3238/4/6 3234/4/6 3239/4/6
f 3235/4/6 3236/4/6 3243/4/6
f 3243/4/6 3236/4/6 3244/4/6
f 3239/4/6 3240/4/6 3245/4/6
f 3245/4/6 3240/4/6 3246/4/6
f 3241/4/6 3242/4/6 3249/4/6
f 3242/4/6 3243/4/6 3249/4/6
f 3249/4/6 3243/4/6 3250/4/6
f 3247/5/6 3248/5/6 3251/5/6
f 3251/5/6 3248/5/6 3252/5/6
f 3253/2/6 3254/2/6 3257/2/6
f 3257/2/6 3254/2/6 3258/2/6
f 3258/2/6 3254/2/6 3259/2/6
f 3259/2/6 3254/2/6 3260/2/6
f 3255/4/6 3256/4/6 3263/4/6
f 3263/4/6 3256/4/6 3264/4/6
f 3259/4/6 3260/4/6 3265/4/6
f 3265/4/6 3260/4/6 3266/4/6
f 3261/4/6 3262/4/6 3270/4/6
f 3270/4/6 3262/4/6 3271/4/6
f 3267/4/6 3268/4/6 3272/4/6
f 3272/4/6 3268/4/6 3273/4/6
f 3269/3/6 3270/3/6 3276/3/6
f 3276/3/6 3270/3/6 3277/3/6
f 3273/4/6 3274/4/6 3278/4/6
f 3278/4/6 3274/4/6 3279/4/6
f 3275/4/6 3276/4/6 3281/4/6
f 3281/4/6 3276/4/6 3282/4/6
f 3279/4/6 3280/4/6 3283/4/6
f 3283/4/6 3280/4/6 3284/4/6
f 3285/4/6 3286/4/6 3289/4/6
f 3289/4/6 3286/4/6 3290/4/6
f 3287/4/6 3288/4/6 3291/4/6
f 3291/4/6 3288/4/6 3292/4/6
f 3293/4/6 3294/4/6 3297/4/6
f 3297/4/6 3294/4/6 3298/4/6
f 3295/4/6 3296/4/6 3299/4/6
f 3299/4/6 3296/4/6 3300/4/6
f 3301/4/6 3302/4/6 3305/4/6
f 3305/4/6 3302/4/6 3306/4/6
f 3303/4/6 3304/4/6 3309/4/6
f 3309/4/6 3304/4/6 3310/4/6
f 3306/4/6 3307/4/6 3311/4/6
f 3311/4/6 3307/4/6 3312/4/6
f 3308/4/6 3309/4/6 3315/4/6
f 3315/4/6 3309/4/6 3316/4/6
f 3312/4/6 3313/4/6 3317/4/6
f 3317/4/6 3313/4/6 3318/4/6
f 3314/3/6 3315/3/6 3323/3/6
f 3323/3/6 3315/3/6 3324/3/6
f 3319/4/6 3320/4/6 3325/4/6
f 3325/4/6 3320/4/6 3326/4/6
f 3321/4/6 3322/4/6 3327/4/6
f 3327/4/6 3322/4/6 3328/4/6
f 3329/4/6 3330/4/6 3335/4/6
f 3330/4/6 3331/4/6 3335/4/6
f 3335/4/6 3331/4/6 3336/4/6
f 3336/4/6 3331/4/6 3337/4/6
f 3331/3/6 3332/3/6 3338/3/6
f 3337/4/6 3331/4/6 3338/4/6
f 3338/3/6 3332/3/6 3339/3/6
f 3333/4/6 3334/4/6 3342/4/6
f 3342/4/6 3334/4/6 3343/4/6
f 3340/4/6 3341/4/6 3344/4/6
f 3344/4/6 3341/4/6 3345/4/6
f 3346/5/6 3347/5/6 3350/5/6
f 3350/5/6 3347/5/6 3351/5/6
f 3348/5/6 3349/5/6 3352/5/6
f 3352/5/6 3349/5/6 3353/5/6
f 3354/4/6 3355/4/6 3358/4/6
f 3358/4/6 3355/4/6 3359/4/6
f 3356/4/6 3357/4/6 3360/4/6
f 3360/4/6 3357/4/6 3361/4/6
f 3358/5/6 3359/5/6 3362/5/6
f 3362/5/6 3359/5/6 3363/5/6
f 3360/5/6 3361/5/6 3364/5/6
f 3364/5/6 3361/5/6 3365/5/6
f 3362/4/6 3363/4/6 3366/4/6
f 3366/4/6 3363/4/6 3367/4/6
f 3364/4/6 3365/4/6 3368/4/6
f 3368/4/6 3365/4/6 3369/4/6
f 3370/4/6 3371/4/6 3374/4/6
f 3374/4/6 3371/4/6 3375/4/6
f 3372/4/6 3373/4/6 3376/4/6
f 3376/4/6 3373/4/6 3377/4/6
f 3378/5/6 3379/5/6 3382/5/6
f 3382/5/6 3379/5/6 3383/5/6
f 3380/5/6 3381/5/6 3388/5/6
f 3388/5/6 3381/5/6 3389/5/6
f 3384/3/6 3385/3/6 3390/3/6
f 3386/4/6 3387/4/6 3391/4/6
f 3390/3/6 3385/3/6 3391/3/6
f 3385/4/6 3386/4/6 3391/4/6
f 3391/4/6 3387/4/6 3392/4/6
f 3393/2/6 3394/2/6 3397/2/6
f 3397/2/6 3394/2/6 3398/2/6
f 3395/2/6 3396/2/6 3399/2/6
f 3399/2/6 3396/2/6 3400/2/6
f 3401/4/6 3402/4/6 3407/4/6
f 3407/4/6 3402/4/6 3408/4/6
f 3403/4/6 3404/4/6 3409/4/6
f 3409/4/6 3404/4/6 3410/4/6
f 3405/4/6 3406/4/6 3414/4/6
f 3414/4/6 3406/4/6 3415/4/6
f 3411/4/6 3412/4/6 3416/4/6
f 3416/4/6 3412/4/6 3417/4/6
f 3413/4/6 3414/4/6 3419/4/6
f 3419/4/6 3414/4/6 3420/4/6
f 3417/4/6 3418/4/6 3421/4/6
f 3421/4/6 3418/4/6 3422/4/6
f 3423/4/6 3424/4/6 3427/4/6
f 3427/4/6 3424/4/6 3428/4/6
f 3425/4/6 3426/4/6 3429/4/6
f 3429/4/6 3426/4/6 3430/4/6
f 3431/4/6 3432/4/6 3435/4/6
f 3435/4/6 3432/4/6 3436/4/6
f 3433/4/6 3434/4/6 3437/4/6
f 3437/4/6 3434/4/6 3438/4/6
f 3439/5/6 3440/5/6 3443/5/6
f 3443/5/6 3440/5/6 3444/5/6
f 3441/5/6 3442/5/6 3447/5/6
f 3447/5/6 3442/5/6 3448/5/6
f 3444/4/6 3445/4/6 3449/4/6
f 3449/4/6 3445/4/6 3450/4/6
f 3446/4/6 3447/4/6 3455/4/6
f 3455/4/6 3447/4/6 3456/4/6
f 3451/4/6 3452/4/6 3457/4/6
f 3457/4/6 3452/4/6 3458/4/6
f 3453/4/6 3454/4/6 3459/4/6
f 3459/4/6 3454/4/6 3460/4/6
f 3461/2/6 3462/2/6 3465/2/6
f 3465/2/6 3462/2/6 3466/2/6
f 3463/2/6 3464/2/6 3467/2/6
f 3467/2/6 3464/2/6 3468/2/6
f 3469/4/6 3470/4/6 3473/4/6
f 3473/4/6 3470/4/6 3474/4/6
f 3474/4/6 3470/4/6 3475/4/6
f 3475/4/6 3470/4/6 3476/4/6
f 3471/4/6 3472/4/6 3480/4/6
f 3480/4/6 3472/4/6 3481/4/6
f 3477/5/6 3478/5/6 3482/5/6
f 3482/5/6 3478/5/6 3483/5/6
f 3479/4/6 3480/4/6 3486/4/6
f 3486/4/6 3480/4/6 3487/4/6
f 3483/4/6 3484/4/6 3488/4/6
f 3488/4/6 3484/4/6 3489/4/6
f 3485/5/6 3486/5/6 3491/5/6
f 3491/5/6 3486/5/6 3492/5/6
f 3489/5/6 3490/5/6 3493/5/6
f 3493/5/6 3490/5/6 3494/5/6
f 3495/3/6 3496/3/6 3499/3/6
f 3499/3/6 3496/3/6 3500/3/6
f 3499/4/6 3500/4/6 3501/4/6
f 3501/4/6 3500/4/6 3502/4/6
f 3497/4/6 3498/4/6 3503/4/6
f 3503/4/6 3498/4/6 3504/4/6
f 3501/5/6 3502/5/6 3505/5/6
f 3505/5/6 3502/5/6 3506/5/6
f 3503/5/6 3504/5/6 3507/5/6
f 3507/5/6 3504/5/6 3508/5/6
f 3509/4/6 3510/4/6 3513/4/6
f 3513/4/6 3510/4/6 3514/4/6
f 3511/4/6 3512/4/6 3517/4/6
f 3517/4/6 3512/4/6 3518/4/6
f 3514/4/6 3515/4/6 3519/4/6
f 3519/4/6 3515/4/6 3520/4/6
f 3516/4/6 3517/4/6 3523/4/6
f 3523/4/6 3517/4/6 3524/4/6
f 3520/4/6 3521/4/6 3525/4/6
f 3525/4/6 3521/4/6 3526/4/6
f 3522/4/6 3523/4/6 3530/4/6
f 3530/4/6 3523/4/6 3531/4/6
f 3527/4/6 3528/4/6 3532/4/6
f 3528/5/6 3529/5/6 3533/5/6
f 3532/4/6 3528/4/6 3533/4/6
f 3533/5/6 3529/5/6 3534/5/6
f 3535/4/6 3536/4/6 3539/4/6
f 3539/4/6 3536/4/6 3540/4/6
f 3537/4/6 3538/4/6 3541/4/6
f 3541/4/6 3538/4/6 3542/4/6
f 3543/4/6 3544/4/6 3547/4/6
f 3547/4/6 3544/4/6 3548/4/6
f 3545/4/6 3546/4/6 3549/4/6
f 3549/4/6 3546/4/6 3550/4/6
f 3551/3/6 3552/3/6 3555/3/6
f 3555/3/6 3552/3/6 3556/3/6
f 3553/3/6 3554/3/6 3557/3/6
f 3557/3/6 3554/3/6 3558/3/6
f 3559/4/6 3560/4/6 3563/4/6
f 3563/4/6 3560/4/6 3564/4/6
f 3561/4/6 3562/4/6 3565/4/6
f 3565/4/6 3562/4/6 3566/4/6
f 3567/4/6 3568/4/6 3571/4/6
f 3571/4/6 3568/4/6 3572/4/6
f 3572/4/6 3568/4/6 3573/4/6
f 3569/4/6 3570/4/6 3577/4/6
f 3577/4/6 3570/4/6 3578/4/6
f 3574/4/6 3575/4/6 3579/4/6
f 3579/4/6 3575/4/6 3580/4/6
f 3576/4/6 3577/4/6 3582/4/6
f 3582/4/6 3577/4/6 3583/4/6
f 3580/4/6 3581/4/6 3584/4/6
f 3584/4/6 3581/4/6 3585/4/6
f 3586/4/6 3587/4/6 3590/4/6
f 3590/4/6 3587/4/6 3591/4/6
f 3588/4/6 3589/4/6 3592/4/6
f 3592/4/6 3589/4/6 3593/4/6
f 3590/5/6 3591/5/6 3594/5/6
f 3594/5/6 3591/5/6 3595/5/6
f 3592/5/6 3593/5/6 3596/5/6
f 3596/5/6 3593/5/6 3597/5/6
f 3594/4/6 3595/4/6 3598/4/6
f 3596/4/6 3597/4/6 3599/4/6
f 3594/4/6 3598/4/6 3600/4/6
f 3600/4/6 3598/4/6 3601/4/6
f 3599/4/6 3597/4/6 3602/4/6
f 3602/4/6 3597/4/6 3603/4/6
f 3604/3/6 3605/3/6 3608/3/6
f 3608/3/6 3605/3/6 3609/3/6
f 3606/4/6 3607/4/6 3612/4/6
f 3612/4/6 3607/4/6 3613/4/6
f 3609/4/6 3610/4/6 3614/4/6
f 3614/4/6 3610/4/6 3615/4/6
f 3611/4/6 3612/4/6 3620/4/6
f 3620/4/6 3612/4/6 3621/4/6
f 3616/4/6 3617/4/6 3622/4/6
f 3617/5/6 3618/5/6 3623/5/6
f 3622/4/6 3617/4/6 3623/4/6
f 3618/4/6 3619/4/6 3624/4/6
f 3623/5/6 3618/5/6 3624/5/6
f 3624/4/6 3619/4/6 3625/4/6
f 3626/4/6 3627/4/6 3631/4/6
f 3631/4/6 3627/4/6 3632/4/6
f 3628/4/6 3629/4/6 3633/4/6
f 3633/4/6 3629/4/6 3634/4/6
f 3630/4/6 3631/4/6 3637/4/6
f 3637/4/6 3631/4/6 3638/4/6
f 3634/4/6 3635/4/6 3639/4/6
f 3639/4/6 3635/4/6 3640/4/6
f 3636/3/6 3637/3/6 3642/3/6
f 3642/3/6 3637/3/6 3643/3/6
f 3640/4/6 3641/4/6 3644/4/6
f 3644/4/6 3641/4/6 3645/4/6
f 3646/4/6 3647/4/6 3650/4/6
f 3650/4/6 3647/4/6 3651/4/6
f 3648/4/6 3649/4/6 3654/4/6
f 3654/4/6 3649/4/6 3655/4/6
f 3651/4/6 3652/4/6 3656/4/6
f 3656/4/6 3652/4/6 3657/4/6
f 3653/4/6 3654/4/6 3660/4/6
f 3660/4/6 3654/4/6 3661/4/6
f 3657/5/6 3658/5/6 3662/5/6
f 3662/5/6 3658/5/6 3663/5/6
f 3659/5/6 3660/5/6 3664/5/6
f 3664/5/6 3660/5/6 3665/5/6
f 3666/4/6 3667/4/6 3671/4/6
f 3667/3/6 3668/3/6 3672/3/6
f 3671/4/6 3667/4/6 3672/4/6
f 3668/4/6 3669/4/6 3673/4/6
f 3672/3/6 3668/3/6 3673/3/6
f 3673/4/6 3669/4/6 3674/4/6
f 3670/4/6 3671/4/6 3677/4/6
f 3677/4/6 3671/4/6 3678/4/6
f 3674/4/6 3675/4/6 3679/4/6
f 3679/4/6 3675/4/6 3680/4/6
f 3676/4/6 3677/4/6 3683/4/6
f 3683/4/6 3677/4/6 3684/4/6
f 3680/4/6 3681/4/6 3685/4/6
f 3685/4/6 3681/4/6 3686/4/6
f 3686/3/6 3687/3/6 3688/3/6
f 3688/3/6 3687/3/6 3689/3/6
f 3682/4/6 3683/4/6 3690/4/6
f 3690/4/6 3683/4/6 3691/4/6
f 3690/3/6 3691/3/6 3692/3/6
f 3692/3/6 3691/3/6 3693/3/6
f 3688/4/6 3689/4/6 3694/4/6
f 3694/4/6 3689/4/6 3695/4/6
f 3692/4/6 3693/4/6 3696/4/6
f 3696/4/6 3693/4/6 3697/4/6
f 3694/3/6 3695/3/6 3700/3/6
f 3700/3/6 3695/3/6 3701/3/6
f 3697/4/6 3698/4/6 3702/4/6
f 3702/4/6 3698/4/6 3703/4/6
f 3699/4/6 3700/4/6 3706/4/6
f 3706/4/6 3700/4/6 3707/4/6
f 3703/4/6 3704/4/6 3708/4/6
f 3708/4/6 3704/4/6 3709/4/6
f 3705/4/6 3706/4/6 3712/4/6
f 3712/4/6 3706/4/6 3713/4/6
f 3709/4/6 3710/4/6 3714/4/6
f 3710/5/6 3711/5/6 3715/5/6
f 3714/4/6 3710/4/6 3715/4/6
f 3711/4/6 3712/4/6 3716/4/6
f 3715/5/6 3711/5/6 3716/5/6
f 3716/4/6 3712/4/6 3717/4/6
f 3718/4/6 3719/4/6 3722/4/6
f 3722/4/6 3719/4/6 3723/4/6
f 3720/4/6 3721/4/6 3724/4/6
f 3724/4/6 3721/4/6 3725/4/6
f 3726/4/6 3727/4/6 3730/4/6
f 3730/4/6 3727/4/6 3731/4/6
f 3728/4/6 3729/4/6 3732/4/6
f 3732/4/6 3729/4/6 3733/4/6
f 3734/3/6 3735/3/6 3738/3/6
f 3738/3/6 3735/3/6 3739/3/6
f 3736/4/6 3737/4/6 3740/4/6
f 3740/4/6 3737/4/6 3741/4/6
f 3742/4/6 3743/4/6 3746/4/6
f 3746/4/6 3743/4/6 3747/4/6
f 3744/4/6 3745/4/6 3748/4/6
f 3748/4/6 3745/4/6 3749/4/6
f 3750/3/6 3751/3/6 3755/3/6
f 3751/4/6 3752/4/6 3756/4/6
f 3755/3/6 3751/3/6 3756/3/6
f 3756/4/6 3752/4/6 3757/4/6
f 3753/4/6 3754/4/6 3760/4/6
f 3760/4/6 3754/4/6 3761/4/6
f 3758/4/6 3759/4/6 3762/4/6
f 3762/4/6 3759/4/6 3763/4/6
f 3764/5/6 3765/5/6 3768/5/6
f 3768/5/6 3765/5/6 3769/5/6
f 3766/5/6 3767/5/6 3770/5/6
f 3770/5/6 3767/5/6 3771/5/6
f 3768/4/6 3769/4/6 3772/4/6
f 3772/4/6 3769/4/6 3773/4/6
f 3770/4/6 3771/4/6 3774/4/6
f 3774/4/6 3771/4/6 3775/4/6
f 3776/4/6 3777/4/6 3780/4/6
f 3780/4/6 3777/4/6 3781/4/6
f 3778/3/6 3779/3/6 3784/3/6
f 3784/3/6 3779/3/6 3785/3/6
f 3782/4/6 3783/4/6 3786/4/6
f 3786/4/6 3783/4/6 3787/4/6
f 3788/4/6 3789/4/6 3793/4/6
f 3793/4/6 3789/4/6 3794/4/6
f 3790/5/6 3791/5/6 3795/5/6
f 3795/5/6 3791/5/6 3796/5/6
f 3792/5/6 3793/5/6 3798/5/6
f 3798/5/6 3793/5/6 3799/5/6
f 3796/5/6 3797/5/6 3800/5/6
f 3800/5/6 3797/5/6 3801/5/6
f 3802/4/6 3803/4/6 3806/4/6
f 3806/4/6 3803/4/6 3807/4/6
f 3804/4/6 3805/4/6 3810/4/6
f 3810/4/6 3805/4/6 3811/4/6
f 3807/4/6 3808/4/6 3812/4/6
f 3812/4/6 3808/4/6 3813/4/6
f 3809/4/6 3810/4/6 3814/4/6
f 3814/4/6 3810/4/6 3815/4/6
f 3816/4/6 3817/4/6 3818/4/6
f 3818/4/6 3817/4/6 3819/4/6
f 3819/4/6 3817/4/6 3820/4/6
f 3823/3/6 3824/3/6 3825/3/6
f 3825/3/6 3824/3/6 3826/3/6
f 3821/4/6 3822/4/6 3827/4/6
f 3827/4/6 3822/4/6 3828/4/6
f 3825/4/6 3826/4/6 3829/4/6
f 3829/4/6 3826/4/6 3830/4/6
f 3831/4/6 3832/4/6 3834/4/6
f 3832/5/6 3833/5/6 3835/5/6
f 3834/4/6 3832/4/6 3835/4/6
f 3835/5/6 3833/5/6 3836/5/6
f 3837/4/6 3838/4/6 3841/4/6
f 3841/4/6 3838/4/6 3842/4/6
f 3839/4/6 3840/4/6 3843/4/6
f 3843/4/6 3840/4/6 3844/4/6
f 3845/4/6 3846/4/6 3849/4/6
f 3849/4/6 3846/4/6 3850/4/6
f 3847/5/6 3848/5/6 3851/5/6
f 3851/5/6 3848/5/6 3852/5/6
f 3853/4/6 3854/4/6 3856/4/6
f 3856/4/6 3854/4/6 3857/4/6
f 3855/4/6 3856/4/6 3859/4/6
f 3859/4/6 3856/4/6 3860/4/6
f 3857/3/6 3858/3/6 3861/3/6
f 3861/3/6 3858/3/6 3862/3/6
f 3859/3/6 3860/3/6 3863/3/6
f 3863/3/6 3860/3/6 3864/3/6
f 3861/4/6 3862/4/6 3865/4/6
f 3865/4/6 3862/4/6 3866/4/6
f 3864/4/6 3865/4/6 3867/4/6
f 3867/4/6 3865/4/6 3868/4/6
f 3869/4/6 3870/4/6 3871/4/6
f 3871/4/6 3870/4/6 3872/4/6
